customer_id,gap_days
12347,49.9812499997206
12347,70.8423611111939
12347,63.09583333320916
12347,53.82430555578321
12347,90.15069444430992
12347,37.1437500002794
12348,39.64791666669771
12348,70.00347222248092
12348,173.10138888843358
12352,13.100000000093132
12352,0.03819444449618459
12352,16.00555555522442
12352,5.00555555569008
12352,181.9347222223878
12352,8.016666666604578
12352,35.98541666660458
12356,80.11319444468245
12356,222.83819444430992
12358,149.01527777779847
12359,26.088888888712972
12359,115.89930555550382
12359,132.01458333339542
12360,88.01874999981374
12360,60.21666666679084
12362,69.94583333330229
12362,70.13888888899237
12362,35.104166666511446
12362,47.876388888806105
12362,13.103472222574055
12362,14.968055555596948
12362,1.8493055552244186
12362,6.956250000279397
12362,32.27291666669771
12363,132.86736111110076
12364,34.029861111193895
12364,37.98333333339542
12364,32.777083333116025
12365,0.009027777705341578
12370,2.861111111007631
12370,83.13194444449618
12370,223.0854166666977
12371,14.981250000186265
12372,83.91458333330229
12372,141.06180555559695
12375,87.8423611111939
12377,39.25555555569008
12379,88.73402777779847
12380,107.32083333330229
12380,21.75555555569008
12380,34.99166666669771
12381,60.24166666669771
12381,0.8229166665114462
12381,25.08750000037253
12381,28.963888888712972
12383,20.987500000279397
12383,60.771527777425945
12383,32.228472222574055
12383,53.74444444430992
12384,92.8861111109145
12386,29.11388888861984
12388,21.11597222229466
12388,30.074999999720603
12388,126.90347222238779
12388,72.91805555531755
12388,60.04166666697711
12393,3.075694444589317
12393,83.92291666660458
12393,173.2472222223878
12394,153.75486111082137
12395,13.975694444496185
12395,55.84444444440305
12395,40.095138889271766
12395,43.00347222201526
12395,6.817361111287028
12395,49.27569444430992
12395,49.93472222238779
12395,45.93541666632518
12395,35.10208333330229
12395,0.0020833336748182774
12395,11.962499999906868
12397,99.81319444440305
12399,48.02777777751908
12399,30.11597222229466
12399,64.00416666688398
12406,161.37430555559695
12407,28.961111111100763
12407,78.89166666660458
12407,22.277083333581686
12407,84.73819444421679
12408,0.00069444440305233
12408,84.83611111110076
12408,76.98333333339542
12408,66.08333333302289
12409,103.08055555541068
12409,0.8493055556900799
12410,0.00069444440305233
12412,31.893055555410683
12412,62.9576388890855
12413,100.97291666688398
12413,169.7270833333023
12414,82.76458333339542
12414,10.235416666604578
12415,3.9486111109144986
12415,35.995833333581686
12415,16.046527777798474
12415,29.14513888861984
12415,46.0513888890855
12415,2.9381944444030523
12415,25.975000000093132
12415,0.0
12415,28.078472222201526
12415,0.00069444440305233
12415,5.805555555503815
12415,29.916666666511446
12415,14.207638889085501
12415,0.00069444440305233
12415,33.947222222108394
12415,0.0062500000931322575
12415,27.97152777761221
12415,0.9743055556900799
12415,11.962499999906868
12415,0.15972222248092294
12417,38.88888888899237
12417,37.209027777891606
12417,55.956249999813735
12417,38.109027777798474
12417,60.12847222248092
12417,20.649305555503815
12417,67.23333333339542
12417,35.95138888852671
12421,145.94791666651145
12421,58.876388888806105
12421,98.92430555587634
12422,156.17152777779847
12422,72.85277777770534
12423,61.95694444468245
12423,28.07916666660458
12423,17.012499999720603
12423,45.947222222574055
12423,8.943055555224419
12423,90.97847222257406
12423,100.05208333302289
12424,0.0
12427,311.18819444440305
12427,38.736805555876344
12428,0.00138888880610466
12428,0.30416666669771075
12428,18.953472222201526
12428,10.001388888806105
12428,11.76111111138016
12428,85.09652777761221
12428,37.024305555503815
12428,94.80833333358169
12429,137.98541666707024
12429,55.02083333302289
12429,163.21388888917863
12431,16.171527777798474
12431,42.018749999813735
12431,19.740277777891606
12431,10.263888888526708
12431,73.91041666688398
12431,10.86111111100763
12431,57.061111111193895
12431,5.057638888712972
12431,1.9243055558763444
12431,17.168749999720603
12431,54.8000000002794
12431,0.00069444440305233
12431,4.220138888806105
12431,24.879166666883975
12432,0.00138888880610466
12432,1.9881944442167878
12432,127.9361111111939
12432,0.00208333320915699
12433,7.142361111473292
12433,274.8715277775191
12433,47.99930555559695
12433,34.015277777798474
12433,8.779861111193895
12433,0.05138888908550143
12434,175.9812499997206
12435,188.0597222223878
12437,21.04791666660458
12437,21.05694444430992
12437,0.00069444440305233
12437,20.911111111287028
12437,42.88055555569008
12437,19.950694444123656
12437,6.981944444589317
12437,20.953472222201526
12437,79.17569444468245
12437,0.00069444440305233
12437,20.154861110728234
12437,34.865277777891606
12437,6.832638889085501
12437,0.1534722219221294
12437,15.07638888899237
12437,12.064583333674818
12437,7.783333333209157
12438,125.99930555559695
12444,49.77847222192213
12444,36.04305555578321
12444,27.100694444496185
12444,37.05208333302289
12449,57.734027777798474
12449,37.99930555559695
12449,69.18958333320916
12450,17.00347222201526
12451,106.35347222257406
12451,152.8041666666977
12451,43.879166666418314
12451,10.94583333330229
12452,0.09930555569007993
12455,1.2979166666045785
12455,105.76944444468245
12455,33.072916666511446
12455,28.90902777761221
12455,54.183333333581686
12456,123.25902777770534
12456,86.96944444440305
12457,0.7854166668839753
12457,4.848611110821366
12457,147.2388888890855
12457,0.9381944444030523
12457,3.7770833331160247
12457,15.172916666604578
12458,213.1875
12461,60.27361111110076
12462,284.76874999981374
12463,34.88541666697711
12463,31.18472222192213
12463,121.96944444440305
12464,24.94305555569008
12464,83.98611111100763
12464,0.00069444440305233
12464,51.00625000009313
12464,43.06597222201526
12464,84.09861111128703
12464,11.901388888712972
12465,152.12291666632518
12468,128.92152777779847
12471,0.009027777705341578
12471,7.086111111100763
12471,0.00069444440305233
12471,27.061111111193895
12471,20.893055555876344
12471,20.212499999906868
12471,22.751388888806105
12471,0.00138888880610466
12471,17.092361111193895
12471,0.00069444440305233
12471,38.8326388890855
12471,0.00069444440305233
12471,52.15833333320916
12471,3.0270833331160247
12471,0.0013888892717659473
12471,45.915972222108394
12471,2.0833333330228925
12471,0.14861111110076308
12471,22.768055555876344
12471,6.281944444403052
12471,12.790972222108394
12471,0.00069444440305233
12471,28.896527777891606
12471,13.995138888712972
12471,6.959027777891606
12471,0.15694444440305233
12471,5.0166666666045785
12471,0.00069444440305233
12471,8.112500000279397
12472,51.922222222201526
12472,50.009027778171
12472,88.06458333320916
12472,40.90416666679084
12472,86.99583333311602
12472,19.091666666790843
12473,77.07569444412366
12473,60.97430555569008
12473,24.095138888806105
12473,0.00138888880610466
12474,0.19375000009313226
12474,11.953472222201526
12474,29.927083333022892
12474,21.10208333330229
12474,9.990972222294658
12474,50.07013888889924
12474,5.863888889085501
12474,28.92638888861984
12474,5.201388888992369
12474,15.78402777807787
12474,12.985416666604578
12474,39.03402777761221
12474,39.072916666511446
12474,5.919444444589317
12474,3.0909722223877907
12474,26.117361111100763
12474,6.9562499998137355
12476,48.87986111128703
12476,13.943055555224419
12476,64.01666666707024
12476,16.26736111100763
12476,77.01805555541068
12476,56.720138888806105
12476,38.90833333367482
12476,0.00069444440305233
12476,20.273611111100763
12476,9.889583333395422
12477,62.0513888890855
12477,138.79999999981374
12477,37.00347222201526
12477,7.19305555569008
12477,33.8312500002794
12480,68.91388888889924
12480,124.02847222238779
12480,115.03333333320916
12481,11.209722222294658
12481,17.80347222229466
12481,80.14236111100763
12481,0.0013888892717659473
12481,51.768749999813735
12481,0.00069444440305233
12481,25.100694444496185
12481,113.95416666660458
12481,42.94652777770534
12483,112.95347222220153
12483,13.853472222574055
12483,7.130555555224419
12483,21.979166666977108
12483,84.97361111082137
12483,57.99444444477558
12483,23.22777777770534
12484,159.89305555541068
12484,73.08472222229466
12484,2.841666666790843
12484,65.23194444458932
12484,2.8465277776122093
12488,36.00555555569008
12488,29.922222222201526
12490,115.02361111110076
12490,42.21597222238779
12490,33.85208333330229
12490,38.047222222201526
12490,7.034027777612209
12490,56.06180555559695
12490,11.924305555876344
12490,7.928472221828997
12490,12.200000000186265
12492,42.01666666660458
12493,31.808333333581686
12494,6.995138889178634
12494,62.947222222108394
12494,99.15347222238779
12494,34.936111111193895
12494,121.14374999981374
12494,24.743055555503815
12498,36.140277777798474
12498,0.00069444440305233
12500,38.10763888899237
12500,14.129861111287028
12500,14.76736111100763
12500,98.01458333339542
12500,62.106944444123656
12500,41.86597222229466
12500,13.004166666883975
12500,0.03472222201526165
12500,1.9861111110076308
12500,26.254861111287028
12502,41.11666666669771
12502,50.78472222201526
12502,90.06666666688398
12502,32.081249999813735
12504,12.045833333395422
12507,143.03888888889924
12507,21.28402777761221
12508,2.965277777519077
12510,182.8409722223878
12512,0.0013888892717659473
12516,102.89999999990687
12517,63.99236111110076
12517,52.86666666669771
12517,45.08819444430992
12517,0.004861111287027597
12518,33.10208333330229
12518,18.785416666883975
12518,30.02916666632518
12518,27.95486111100763
12520,13.885416666511446
12520,55.032638888806105
12520,62.209027777891606
12520,63.03125
12522,12.03402777807787
12523,40.21875
12523,23.013194444589317
12523,15.751388888806105
12523,117.16319444449618
12523,24.895833333022892
12523,2.978472222108394
12523,28.1875
12523,15.114583333488554
12523,20.659722222480923
12523,24.15069444430992
12524,42.012500000186265
12524,10.132638888899237
12524,58.96805555559695
12524,17.962499999906868
12524,42.129166666883975
12524,98.82569444412366
12524,54.1750000002794
12526,40.80416666669771
12526,53.10555555578321
12527,30.90000000037253
12527,213.09305555559695
12528,36.111805555876344
12528,127.02638888871297
12528,35.004166666883975
12528,50.97708333330229
12528,54.11319444421679
12530,102.97708333330229
12530,110.0611111111939
12530,64.06597222201526
12535,94.8340277778916
12536,15.972916666883975
12536,0.00486111082136631
12539,17.07916666660458
12539,54.20486111100763
12539,239.89583333348855
12540,29.115277777891606
12540,21.115277777891606
12540,51.0826388890855
12540,40.97152777761221
12540,26.877083333209157
12540,6.118749999906868
12540,30.736111111473292
12540,17.998611110728234
12540,29.922222222201526
12540,15.228472222574055
12540,11.058333333116025
12540,3.8562500001862645
12540,13.859027777798474
12540,11.199305555317551
12540,21.11041666660458
12540,11.828472222201526
12541,107.26874999981374
12541,143.7784722223878
12545,184.06597222248092
12546,31.100694444496185
12547,82.99444444430992
12552,0.9104166668839753
12553,35.19513888889924
12553,13.739583333488554
12553,21.049305555410683
12553,55.09027777798474
12553,49.9798611109145
12553,44.112499999813735
12553,51.98333333339542
12553,32.97361111128703
12553,17.123611111193895
12556,100.97986111138016
12557,38.97152777761221
12557,76.20972222229466
12557,97.85972222220153
12557,142.15277777798474
12559,8.984027777798474
12560,30.97708333330229
12560,106.9388888888061
12562,22.109722222201526
12562,49.72083333320916
12562,45.024305555503815
12562,25.236111111473292
12562,33.86041666660458
12562,14.240277777425945
12567,1.9437500000931323
12567,59.04791666660458
12567,107.05277777742594
12567,16.825000000186265
12567,0.018749999813735485
12567,5.027083333581686
12567,71.1861111111939
12567,11.999305555596948
12567,73.86111111100763
12569,12.839583333116025
12569,0.2687499998137355
12569,19.81527777807787
12569,0.8930555554106832
12569,35.00902777770534
12569,21.33194444468245
12569,18.793749999720603
12569,0.00069444440305233
12569,20.893750000279397
12569,6.997916666790843
12569,8.161805555224419
12569,10.936111111193895
12569,2.1041666665114462
12569,2.0201388890855014
12569,27.98055555531755
12569,0.07430555578321218
12569,5.797222222201526
12569,8.043750000186265
12569,6.074305555317551
12569,0.0
12569,7.961805555503815
12569,11.853472222108394
12569,1.1548611111938953
12569,0.0020833336748182774
12569,7.027777777519077
12569,7.747222222387791
12569,1.0756944441236556
12569,2.22430555569008
12569,0.745833333581686
12569,2.279861110728234
12569,0.0
12571,81.90555555559695
12572,43.04166666697711
12576,86.15069444477558
12576,68.78750000009313
12576,54.00277777761221
12576,60.00347222201526
12577,323.8708333335817
12577,0.00624999962747097
12578,308.91388888889924
12582,49.87708333367482
12583,37.140277777798474
12583,34.146527777425945
12583,28.848611111287028
12583,72.90833333320916
12583,20.040972222574055
12583,9.154861110728234
12583,16.911111111287028
12583,48.00277777761221
12583,26.9263888890855
12583,9.095833333209157
12583,12.075000000186265
12583,26.915972222108394
12583,12.938194444403052
12583,15.868749999906868
12584,94.90625
12584,48.96111111110076
12584,9.21041666669771
12584,46.84305555559695
12584,22.899999999906868
12584,17.094444444403052
12584,22.80625000037253
12584,14.042361110914499
12585,117.02847222238779
12589,115.9263888890855
12590,0.00416666641831398
12592,121.05555555550382
12593,89.01805555541068
12593,21.11666666669771
12594,28.10833333292976
12594,38.00486111128703
12594,0.05972222238779068
12594,21.921527777798474
12594,42.08749999990687
12594,8.827083333395422
12594,62.18124999990687
12594,74.92916666669771
12594,8.983333333395422
12596,190.9861111114733
12597,85.08611111110076
12597,142.8763888888061
12597,21.018749999813735
12598,63.862499999813735
12598,0.06180555559694767
12598,59.06527777761221
12598,90.21458333358169
12598,42.802083333488554
12598,9.018749999813735
12598,9.988888889085501
12599,18.9375
12599,77.07430555531755
12599,43.97638888889924
12599,13.09097222238779
12599,24.8861111109145
12599,97.03888888889924
12600,13.85208333330229
12600,48.02361111110076
12600,45.23819444468245
12600,39.027083333116025
12600,20.969444444403052
12600,58.80347222229466
12600,33.020833333488554
12600,28.12291666632518
12600,55.839583333581686
12601,29.961805555503815
12601,49.038194444496185
12601,49.21041666669771
12601,14.774999999906868
12604,182.084722221829
12609,132.01250000018626
12609,108.0437499997206
12610,19.961805555503815
12610,61.05972222238779
12610,1.8298611110076308
12610,20.969444444403052
12613,0.00277777761220932
12613,64.72986111138016
12613,0.00069444440305233
12613,140.23680555541068
12615,96.86666666669771
12615,35.015277777798474
12615,34.17847222229466
12616,202.0416666669771
12619,19.036111111287028
12619,76.07777777779847
12619,9.845833333209157
12619,32.04861111100763
12619,29.04236111138016
12619,9.77569444430992
12619,44.104166666511446
12619,17.140277777798474
12620,123.91388888889924
12620,66.0097222221084
12621,8.098611110821366
12621,58.981250000186265
12621,7.061805555596948
12621,32.04861111100763
12621,32.88333333330229
12621,11.980555555783212
12621,2.9208333333954215
12621,0.00069444440305233
12621,11.247916666325182
12621,23.96319444477558
12621,0.00069444440305233
12621,28.99166666669771
12621,38.88402777770534
12621,8.154861111193895
12621,18.91527777770534
12621,0.06111111119389534
12621,28.911111110821366
12621,28.825694444589317
12621,22.11666666669771
12624,71.10416666651145
12625,107.85208333330229
12626,10.111805555410683
12626,154.17847222229466
12626,20.885416666511446
12626,13.962499999906868
12626,14.893055555876344
12626,48.072222222108394
12626,21.06597222201526
12626,20.04236111138016
12627,10.8125
12627,20.268055555410683
12627,0.7055555554106832
12627,12.220833333209157
12627,32.07083333376795
12627,53.84444444440305
12628,31.20694444468245
12628,28.950694444589317
12630,34.00486111128703
12633,91.07291666651145
12633,66.96249999990687
12633,71.08680555550382
12635,65.09791666688398
12637,60.07986111100763
12637,0.00138888880610466
12637,24.063194444403052
12637,82.0409722221084
12637,63.995138889178634
12637,1.8618055554106832
12637,24.081944444216788
12640,56.862499999813735
12640,1.1312500000931323
12642,57.13055555569008
12642,25.10555555531755
12643,112.0097222221084
12643,0.00069444440305233
12643,37.94097222248092
12643,10.152083333116025
12643,43.94375000009313
12645,96.96041666669771
12645,110.0201388890855
12645,75.99861111072823
12646,44.890277777798474
12647,0.00069444440305233
12647,1.934027777519077
12647,9.995138889178634
12647,90.90833333320916
12647,21.097916666883975
12647,45.90902777761221
12647,44.149305555503815
12647,28.99652777798474
12647,36.98819444421679
12647,11.154166666790843
12647,55.82083333330229
12649,105.00208333320916
12649,0.00069444440305233
12653,147.9916666666977
12654,97.89236111100763
12654,0.00138888880610466
12654,160.1763888890855
12654,26.800694444216788
12656,30.093055555596948
12656,87.05486111110076
12656,43.947916666511446
12656,55.08611111110076
12657,36.2687500002794
12657,30.894444444216788
12657,0.008333333302289248
12662,64.03749999962747
12662,32.95416666707024
12662,37.18958333320916
12662,51.84722222201526
12662,44.0
12662,35.99791666679084
12662,54.82083333330229
12662,29.334027777891606
12662,0.00069444440305233
12662,22.77291666669771
12664,90.11875000037253
12664,88.92361111100763
12664,56.11944444430992
12664,20.962499999906868
12664,7.876388888806105
12664,22.90347222238779
12664,19.234722222201526
12664,8.086805555503815
12668,43.02847222238779
12668,53.05972222192213
12668,247.8354166666977
12669,7.979166666511446
12669,98.00625000009313
12670,32.964583333116025
12670,101.01805555587634
12670,69.21666666632518
12670,19.01388888899237
12673,321.089583333116
12674,37.02291666669771
12674,79.04722222220153
12674,53.05624999990687
12676,50.83263888861984
12676,70.26805555587634
12676,66.66319444403052
12676,52.97500000009313
12676,46.125
12678,0.14305555541068316
12678,68.88680555531755
12678,31.081250000279397
12678,3.8111111111938953
12678,62.11458333302289
12678,37.99652777798474
12678,48.941666666418314
12678,0.040277778171002865
12678,21.979166666511446
12678,35.86597222229466
12678,0.2256944444961846
12679,77.99444444477558
12679,117.92777777742594
12679,29.080555555876344
12680,23.863194444216788
12680,16.018055555876344
12680,72.99791666632518
12681,13.168055555783212
12681,15.938888888806105
12681,5.027777777519077
12681,8.936805555596948
12681,12.15625
12681,40.97152777807787
12681,2.072222222108394
12681,6.784027777612209
12681,25.995138889178634
12681,26.18541666632518
12681,11.879166666883975
12681,11.013194444123656
12681,32.932638889178634
12681,3.002083333209157
12681,74.02083333348855
12681,33.94583333330229
12681,0.00416666641831398
12681,12.942361111287028
12681,7.959027777891606
12681,0.41250000009313226
12681,7.711111111100763
12682,6.034722222015262
12682,26.999305555596948
12682,27.006944444496185
12682,0.7555555556900799
12682,40.10555555531755
12682,20.98611111100763
12682,38.92083333339542
12682,3.111111111007631
12682,6.103472222574055
12682,8.95763888861984
12682,14.867361111100763
12682,0.00069444440305233
12682,19.055555555503815
12682,7.881944444496185
12682,0.33749999990686774
12682,6.7034722226671875
12682,24.2298611109145
12682,12.909722222015262
12682,5.962500000372529
12682,15.050694444216788
12682,3.9500000001862645
12682,20.91249999962747
12682,0.1180555559694767
12682,22.03680555522442
12682,8.872916666790843
12682,0.043055555783212185
12682,8.035416666418314
12682,7.123611111193895
12682,4.938888888806105
12682,5.822222222108394
12683,0.06944444449618459
12683,39.125
12683,42.80138888861984
12683,22.126388888806105
12683,0.004166666883975267
12683,40.82916666660458
12683,0.00069444440305233
12683,9.094444444403052
12683,26.90902777761221
12683,79.25347222248092
12683,12.785416666418314
12683,42.163194444496185
12683,46.08194444468245
12683,0.00208333320915699
12684,6.05694444430992
12684,10.124305555596948
12684,26.75277777761221
12684,106.95694444468245
12684,39.02222222229466
12684,16.96041666669771
12685,1.0027777776122093
12685,17.120138889178634
12685,17.803472221828997
12685,6.320833333302289
12685,22.890277777798474
12689,101.93541666632518
12691,38.03194444440305
12691,1.0187499998137355
12691,172.9562500002794
12691,86.91527777770534
12691,30.163194444496185
12693,55.04236111138016
12693,52.78680555522442
12693,84.37430555559695
12694,112.80416666669771
12695,102.98819444421679
12695,41.08611111110076
12695,58.930555555503815
12697,37.93958333320916
12697,102.77083333348855
12700,58.87777777807787
12700,90.86319444421679
12700,58.03472222248092
12701,162.90625
12704,41.98611111100763
12704,21.9576388890855
12704,27.385416666511446
12704,42.72638888889924
12704,13.131250000093132
12704,0.00138888880610466
12704,14.933333333581686
12705,111.74722222238779
12705,44.17291666660458
12705,43.02291666669771
12705,80.92986111110076
12705,35.07569444458932
12705,24.94652777770534
12705,1.9402777776122093
12705,0.05277777789160609
12708,38.944444444496185
12708,52.01805555541068
12708,45.25208333367482
12708,31.76458333292976
12708,21.01388888899237
12708,77.90416666679084
12708,29.21875
12708,39.96805555559695
12708,2.88055555569008
12709,9.092361111193895
12709,39.06597222248092
12709,34.938888888806105
12709,29.03125
12709,14.858333333395422
12709,22.2298611109145
12709,26.752083333209157
12709,42.21111111110076
12709,12.952777777798474
12709,39.04583333339542
12709,25.077777777798474
12709,12.83541666669771
12709,15.207638889085501
12709,27.94305555522442
12710,39.970138888806105
12710,64.94305555569008
12712,5.881250000093132
12712,34.00486111128703
12712,19.92638888861984
12712,33.96527777798474
12712,9.199999999720603
12712,55.03333333367482
12712,13.036111110821366
12712,17.993055555503815
12712,34.90416666679084
12712,40.838888889178634
12712,57.251388888806105
12712,20.70763888861984
12714,87.94097222201526
12714,27.092361111193895
12714,72.9263888890855
12714,97.24166666669771
12716,129.81041666679084
12717,94.17708333348855
12719,59.95486111100763
12720,11.899305555503815
12720,44.87152777798474
12720,9.034722222015262
12720,41.188888888806105
12720,19.850694444496185
12720,22.88402777770534
12720,0.00069444440305233
12720,22.15902777807787
12720,5.023611111100763
12720,22.90347222192213
12720,19.10763888899237
12720,0.00069444440305233
12720,21.855555555783212
12720,4.079861111007631
12720,30.07430555531755
12720,0.0006944448687136173
12720,14.052777777425945
12720,14.777777777984738
12720,13.024305555503815
12720,12.990972222294658
12720,16.04027777770534
12720,8.165972222108394
12720,0.00069444440305233
12720,12.708333333488554
12721,50.93958333320916
12721,57.12222222238779
12721,63.1986111109145
12721,103.77291666669771
12721,47.99097222229466
12722,32.972916666418314
12722,2.898611111100763
12722,29.25
12723,0.00277777761220932
12723,48.913194444496185
12723,0.0069444444961845875
12723,12.845833333209157
12724,158.94236111128703
12724,91.95763888861984
12724,76.14305555587634
12726,41.90902777761221
12726,51.217361111193895
12726,49.96805555559695
12726,29.79027777770534
12726,98.17291666660458
12726,57.96944444440305
12727,23.85277777770534
12727,15.014583333395422
12727,0.009722222108393908
12727,94.13125000009313
12727,91.92291666660458
12727,84.92222222220153
12728,48.04930555541068
12728,26.93402777798474
12728,186.10000000009313
12731,51.959027777891606
12731,59.020833333488554
12731,0.00138888880610466
12731,1.0284722223877907
12731,40.16458333330229
12731,37.001388888806105
12731,30.959027777891606
12731,58.86319444421679
12731,15.050694444682449
12731,19.07152777770534
12731,27.92361111100763
12735,21.96597222238779
12739,20.802083333022892
12743,0.010416666511446238
12744,68.98402777779847
12744,0.00069444440305233
12744,0.912499999627471
12744,104.03958333376795
12744,88.12430555513129
12744,4.850000000093132
12747,7.7937500001862645
12747,38.13888888899237
12747,40.036111110821366
12747,65.02638888917863
12747,19.768055555410683
12747,34.00625000009313
12747,55.02222222229466
12747,42.90833333320916
12747,44.36597222229466
12747,19.88958333339542
12748,0.9569444446824491
12748,3.038888888899237
12748,0.0076388888992369175
12748,0.00277777761220932
12748,0.0055555556900799274
12748,0.09791666641831398
12748,0.05208333348855376
12748,0.8208333333022892
12748,0.1465277778916061
12748,0.9493055553175509
12748,0.935416666790843
12748,0.0062500000931322575
12748,0.16874999972060323
12748,0.7666666670702398
12748,0.06736111082136631
12748,0.00069444440305233
12748,0.9180555557832122
12748,0.0062500000931322575
12748,0.00624999962747097
12748,0.047222222201526165
12748,0.004166666883975267
12748,0.00138888880610466
12748,3.127083333209157
12748,0.011805555783212185
12748,0.8687499999068677
12748,1.851388888899237
12748,0.09444444440305233
12748,0.03541666688397527
12748,0.8958333330228925
12748,0.2951388889923692
12748,3.950694444589317
12748,1.7937499997206032
12748,0.03750000009313226
12748,0.14513888908550143
12748,13.023611111100763
12748,0.06041666679084301
12748,10.813194444403052
12748,1.882638888899237
12748,30.18541666632518
12748,5.109722222201526
12748,0.9965277779847383
12748,3.86944444430992
12748,0.9750000000931323
12748,7.957638889085501
12748,2.96319444430992
12748,0.03402777761220932
12748,0.0020833336748182774
12748,0.18124999990686774
12748,6.845833333209157
12748,3.105555555783212
12748,2.9145833333022892
12748,1.011805555317551
12748,0.024999999906867743
12748,0.0062500000931322575
12748,0.004166666883975267
12748,6.972222222015262
12748,0.00138888880610466
12748,7.061111111193895
12748,8.876388888806105
12748,11.051388889085501
12748,0.02986111119389534
12748,2.952777777798474
12748,4.243055555503815
12748,0.783333333209157
12748,0.220833333209157
12748,0.010416666977107525
12748,0.00138888880610466
12748,0.00208333320915699
12748,0.00138888880610466
12748,0.0027777780778706074
12748,0.00069444440305233
12748,0.00277777761220932
12748,0.00138888880610466
12748,0.0034722224809229374
12748,1.8020833330228925
12748,0.0034722224809229374
12748,2.0013888888061047
12748,0.9305555555038154
12748,0.11527777789160609
12748,0.8506944444961846
12748,0.25138888880610466
12748,0.00208333320915699
12748,14.74722222238779
12748,0.06597222201526165
12748,3.9312499999068677
12748,5.955555555876344
12748,1.084027777891606
12748,0.0625
12748,0.970833333209157
12748,0.00277777761220932
12748,2.0888888891786337
12748,4.859722222201526
12748,0.021527777425944805
12748,2.0854166666977108
12748,3.7215277780778706
12748,0.25624999962747097
12748,1.0111111113801599
12748,0.7590277777053416
12748,0.3652777778916061
12748,4.731944444123656
12748,1.9486111113801599
12748,1.0715277777053416
12748,0.004861111287027597
12748,0.00416666641831398
12748,0.00208333320915699
12748,2.0958333336748183
12748,5.002777777612209
12748,3.0062500000931323
12748,3.050694444216788
12748,3.907638889271766
12748,2.972916666418314
12748,7.013888888992369
12748,1.0111111109144986
12748,2.0243055555038154
12748,2.88611111138016
12748,1.2034722222015262
12748,0.9652777775190771
12748,1.9694444444030523
12748,0.0006944448687136173
12748,9.976388888899237
12748,6.973611110821366
12748,1.0284722223877907
12748,0.017361111007630825
12748,0.17430555541068316
12748,0.0020833336748182774
12748,4.6749999998137355
12748,2.950694444589317
12748,0.2527777776122093
12748,3.954861111007631
12748,0.9534722222015262
12748,1.9437500000931323
12748,2.0381944444961846
12748,3.9361111111938953
12748,1.2013888889923692
12748,9.976388888899237
12748,1.93194444430992
12748,1.8736111111938953
12748,0.03472222201526165
12748,4.961111111100763
12748,1.0402777777053416
12748,0.06666666688397527
12748,0.0743055553175509
12748,0.8409722223877907
12748,1.9618055555038154
12748,1.11944444430992
12748,8.864583333488554
12748,4.065972222480923
12748,0.1006944440305233
12748,0.0020833336748182774
12748,1.8916666666045785
12748,0.9493055553175509
12748,0.0034722224809229374
12748,0.07638888899236917
12748,0.013888888526707888
12748,5.995138889178634
12748,0.9423611108213663
12748,1.9791666669771075
12748,0.09375
12748,2.076388888526708
12748,0.8194444444961846
12748,0.03680555569007993
12748,1.0750000001862645
12748,2.004166666418314
12748,0.09027777798473835
12748,0.7909722221083939
12748,0.11666666669771075
12748,3.8194444444961846
12748,0.29652777779847383
12748,0.9444444444961846
12748,0.009722222108393908
12748,0.00138888880610466
12748,0.05277777789160609
12748,0.8763888888061047
12748,0.8638888890855014
12748,4.091666666325182
12748,0.9076388888061047
12748,0.009027778171002865
12748,0.0069444444961845875
12748,0.010416666511446238
12748,0.06944444449618459
12748,0.00486111082136631
12748,0.0020833336748182774
12748,0.00138888880610466
12748,0.008333333302289248
12748,0.00416666641831398
12748,0.0055555556900799274
12748,0.08611111110076308
12748,0.8215277777053416
12748,0.02638888917863369
12748,0.14999999990686774
12748,0.8159722220152617
12748,0.011805555783212185
12748,0.07083333330228925
12748,3.0791666666045785
12748,0.8972222222946584
12748,0.03958333330228925
12748,0.1659722221083939
12748,0.00208333320915699
12748,0.0062500000931322575
12748,1.777083333581686
12748,0.8902777777984738
12748,2.0930555555969477
12748,0.00138888880610466
12748,0.970833333209157
12748,3.2416666666977108
12748,0.09722222201526165
12748,0.0027777780778706074
12748,0.6798611111007631
12749,82.89097222220153
12749,0.00138888880610466
12749,107.96875
12749,18.910416666883975
12753,58.984027777798474
12753,21.218055555131286
12753,33.88958333339542
12753,112.81666666688398
12753,113.05555555550382
12754,31.129861111287028
12754,41.80694444430992
12755,85.08194444468245
12757,0.0006944448687136173
12757,10.683333333116025
12757,0.13888888899236917
12757,0.008333333302289248
12757,14.979166666511446
12757,42.90069444430992
12757,78.11458333348855
12757,0.0062500000931322575
12757,12.984027777798474
12757,22.809027777519077
12757,3.177777777891606
12757,9.925694444682449
12758,159.92847222229466
12759,104.05347222229466
12759,119.22430555569008
12762,17.833333333022892
12763,230.9347222223878
12766,32.08541666669771
12766,42.8236111109145
12766,51.06458333367482
12766,91.01527777779847
12766,91.92569444421679
12766,53.87222222238779
12775,48.95208333339542
12775,59.07430555578321
12775,13.725694444496185
12775,172.3645833330229
12778,41.751388888806105
12778,11.266666666604578
12778,76.01944444468245
12778,119.99583333311602
12778,43.83819444430992
12779,44.87291666679084
12779,18.112499999813735
12779,38.995833333116025
12779,20.8125
12779,50.1750000002794
12779,8.904166666790843
12779,152.04583333292976
12781,221.07916666707024
12782,39.938888889271766
12782,64.10694444412366
12782,103.91250000009313
12782,144.9486111109145
12783,18.83819444430992
12783,2.976388888899237
12783,0.0020833336748182774
12783,21.031944444403052
12783,30.165972222108394
12784,6.1145833330228925
12787,101.11666666669771
12787,81.84722222248092
12793,36.873611111193895
12794,45.12013888871297
12798,126.13194444449618
12798,34.10486111138016
12808,184.07916666660458
12808,147.90555555559695
12811,22.802777777891606
12811,0.9493055557832122
12815,50.86597222229466
12816,80.97013888927177
12820,251.96875
12820,30.06805555569008
12820,41.072916666511446
12822,16.84583333367482
12823,7.116666666697711
12823,34.81458333367482
12823,127.29791666660458
12823,52.57638888852671
12826,40.896527777891606
12826,7.968055555596948
12826,137.89930555550382
12826,107.05138888861984
12826,42.19583333330229
12826,26.78333333367482
12827,11.822916666511446
12827,27.03333333367482
12828,17.71319444430992
12828,13.327083333395422
12828,33.73541666660458
12828,58.01319444458932
12828,4.897916666697711
12829,23.84652777807787
12830,14.999305555596948
12830,22.26736111100763
12830,0.00069444440305233
12830,42.90555555559695
12830,53.86944444430992
12832,65.98749999981374
12836,92.15902777807787
12836,82.0097222221084
12836,77.99166666669771
12838,340.0159722222015
12839,10.072916666977108
12839,69.69166666641831
12839,89.17291666660458
12839,15.01736111100763
12839,25.9888888890855
12839,24.01944444468245
12839,19.79583333292976
12839,21.13611111138016
12839,20.973611110821366
12839,28.06527777807787
12839,18.800694444216788
12839,13.129861111287028
12839,9.0
12840,12.075694444589317
12840,31.84652777761221
12840,38.958333333488554
12841,2.0638888888061047
12841,32.07013888889924
12841,12.94583333330229
12841,11.896527777891606
12841,10.402777777984738
12841,5.629861110821366
12841,8.978472222574055
12841,10.192361110821366
12841,19.911111111287028
12841,18.047222222201526
12841,16.952777777798474
12841,41.97638888889924
12841,21.033333333209157
12841,14.018749999813735
12841,16.936111111193895
12841,22.006250000093132
12841,17.000694444403052
12841,24.009722222108394
12841,14.017361111473292
12841,7.969444444403052
12841,21.160416666418314
12841,7.847916666883975
12841,9.953472222201526
12841,0.0
12842,238.12291666679084
12843,43.879166666883975
12843,6.972222222015262
12843,27.143749999813735
12843,8.941666666883975
12843,9.11944444430992
12843,8.848611111287028
12843,93.99166666669771
12844,101.01388888899237
12845,19.864583333022892
12845,2.0048611112870276
12845,1.105555555317551
12849,237.05208333348855
12853,76.0923611111939
12853,0.00138888880610466
12853,104.94375000009313
12853,0.00277777761220932
12853,0.00208333320915699
12854,77.02916666679084
12854,162.91527777770534
12856,7.0104166669771075
12856,17.012499999720603
12856,10.913194444496185
12856,10.019444444682449
12856,10.970833333209157
12857,91.90833333320916
12865,97.18055555550382
12867,61.95694444421679
12867,34.981250000186265
12867,49.01666666660458
12867,48.979166666511446
12867,68.93819444440305
12867,70.07986111147329
12868,42.10763888899237
12868,14.972916666883975
12868,47.786111110821366
12868,50.25277777807787
12868,32.791666666511446
12871,123.06597222248092
12872,38.83888888871297
12875,219.1437500002794
12876,138.95277777779847
12877,28.97708333330229
12877,41.22500000009313
12877,30.950694444589317
12877,4.849305555224419
12877,33.91388888889924
12877,17.98333333339542
12877,23.149999999906868
12877,52.92083333339542
12877,46.05902777798474
12877,54.0111111109145
12877,20.881250000093132
12878,29.961805555503815
12879,10.094444444403052
12879,36.91458333330229
12882,24.205555555410683
12883,64.75833333330229
12883,0.00069444440305233
12883,0.00069444440305233
12885,60.075694444123656
12885,0.004166666883975267
12886,151.9499999997206
12888,41.063194444868714
12891,72.00347222248092
12891,35.04027777770534
12895,44.21944444440305
12897,97.02291666669771
12901,10.018055555410683
12901,0.30416666669771075
12901,11.915277777705342
12901,13.830555555876344
12901,1.097916666418314
12901,6.045138888992369
12901,14.943750000093132
12901,0.00069444440305233
12901,11.946527777705342
12901,0.008333333302289248
12901,15.984027777798474
12901,5.875
12901,3.089583333581686
12901,5.07708333292976
12901,6.901388889178634
12901,20.162500000093132
12901,9.85208333330229
12901,24.958333333022892
12901,27.11319444468245
12901,26.86111111100763
12901,0.021527777891606092
12901,11.066666666418314
12901,5.945138888899237
12901,14.139583333395422
12901,12.97986111138016
12901,0.00624999962747097
12901,1.8326388890855014
12904,154.0527777778916
12906,0.0
12906,66.78472222248092
12906,0.00069444440305233
12906,0.00069444440305233
12908,136.1263888888061
12909,0.015277777332812548
12909,51.94375000009313
12909,114.02083333348855
12909,48.01458333339542
12910,44.00763888889924
12910,0.00069444440305233
12910,63.182638889178634
12910,55.92986111110076
12910,14.007638888899237
12910,41.055555555503815
12910,0.00138888880610466
12912,16.915972222108394
12912,9.183333333116025
12912,5.961805555969477
12912,5.827777777798474
12913,66.8874999997206
12913,18.87152777798474
12913,266.9930555555038
12913,11.063888888806105
12915,223.9590277778916
12916,63.00763888889924
12916,55.990277777891606
12916,62.99652777751908
12919,19.3326388890855
12919,33.7624999997206
12919,84.95000000018626
12919,15.007638888899237
12919,8.131250000093132
12921,6.797222222201526
12921,28.031944444403052
12921,37.174999999813735
12921,13.966666666790843
12921,0.00069444440305233
12921,2.947222222108394
12921,20.02222222229466
12921,0.00138888880610466
12921,47.00625000009313
12921,0.00069444440305233
12921,4.820833333302289
12921,0.00069444440305233
12921,28.10208333330229
12921,0.00069444440305233
12921,26.08541666669771
12921,0.00069444440305233
12921,2.0062500000931323
12921,0.00069444440305233
12921,22.953472222201526
12921,0.11111111147329211
12921,2.7583333333022892
12921,32.12291666632518
12921,0.00069444440305233
12921,11.992361111100763
12921,0.870833333581686
12921,1.2256944444961846
12921,37.893749999813735
12921,0.0
12921,0.00069444440305233
12921,15.881944444496185
12921,0.00069444440305233
12921,0.00138888880610466
12921,12.159722222480923
12921,2.966666666790843
12921,6.14513888861984
12921,0.00069444440305233
12924,51.9173611109145
12924,77.15625
12924,110.01388888899237
12925,70.00416666688398
12928,117.79166666651145
12928,93.89166666660458
12928,102.05694444477558
12928,10.203472222201526
12930,93.07847222220153
12931,0.3486111112870276
12931,59.69027777761221
12931,27.989583333488554
12931,30.092361110728234
12931,35.89097222266719
12931,0.00138888880610466
12931,76.33472222229466
12931,0.00069444440305233
12931,6.910416666418314
12931,18.830555555410683
12931,34.0826388890855
12931,37.00208333320916
12931,7.946527777705342
12931,1.0
12933,112.19652777770534
12933,147.0173611114733
12935,115.94444444449618
12935,54.026388889178634
12935,39.96249999990687
12935,82.95972222229466
12935,24.248611111193895
12935,0.00208333320915699
12936,56.865277777891606
12936,4.284027777612209
12936,0.004166666883975267
12937,69.9986111111939
12937,126.01458333339542
12937,56.018749999813735
12939,35.93541666679084
12939,25.288888888899237
12939,134.83888888917863
12939,59.029861110728234
12939,0.00069444440305233
12939,15.038888888899237
12939,0.0013888892717659473
12940,33.078472222201526
12942,168.0708333333023
12942,66.14097222220153
12944,319.0159722222015
12947,36.72152777807787
12947,102.01666666660458
12947,51.0111111109145
12947,1.2618055557832122
12947,38.728472222108394
12948,3.9909722222946584
12948,46.00624999962747
12948,109.18888888927177
12948,46.047222222201526
12948,15.022222222294658
12948,28.03125
12949,46.00486111128703
12949,0.00138888880610466
12949,75.97708333330229
12949,0.004166666883975267
12949,0.00069444440305233
12949,16.088888888712972
12949,83.84305555559695
12950,16.08819444430992
12950,5.890277777798474
12951,10.980555555783212
12951,70.96111111110076
12951,44.410416666418314
12951,30.649305555503815
12951,165.06875000009313
12952,35.015277777798474
12952,0.00069444440305233
12952,37.73263888852671
12955,48.34444444440305
12955,15.686111111193895
12955,35.027083333581686
12955,25.015972222201526
12955,51.08263888861984
12955,40.120833333581686
12955,14.86944444430992
12955,20.898611111100763
12955,8.131944444496185
12955,7.132638888899237
12957,83.13888888852671
12957,51.833333333488554
12957,18.086805555503815
12957,114.92847222229466
12957,0.00069444440305233
12957,46.095138888806105
12957,15.815972222480923
12962,106.0951388888061
12963,280.99236111110076
12963,31.20694444468245
12963,29.831944444216788
12963,0.07569444458931684
12963,5.855555555317551
12963,7.350000000093132
12963,1.8409722223877907
12967,13.389583333395422
12970,0.011805555783212185
12970,315.00347222201526
12970,0.00277777761220932
12971,4.770138889085501
12971,1.215277777519077
12971,8.818750000093132
12971,3.9520833333954215
12971,16.21041666669771
12971,2.9326388887129724
12971,2.08819444430992
12971,0.9298611111007631
12971,12.850694444496185
12971,0.9138888888992369
12971,8.243055555503815
12971,5.884027778171003
12971,6.073611110914499
12971,1.8326388890855014
12971,0.00069444440305233
12971,6.966666666325182
12971,5.011805555783212
12971,8.08541666669771
12971,0.00138888880610466
12971,2.1319444444961846
12971,5.008333333302289
12971,0.00138888880610466
12971,8.002083333209157
12971,4.003472222480923
12971,0.0
12971,1.7694444442167878
12971,5.238194444682449
12971,8.870833333116025
12971,4.161111111287028
12971,2.7722222222946584
12971,0.00069444440305233
12971,1.2701388886198401
12971,13.723611111287028
12971,5.069444444496185
12971,8.93194444430992
12971,3.052777777891606
12971,5.0770833333954215
12971,0.00069444440305233
12971,6.147916666697711
12971,0.00069444440305233
12971,13.795833333395422
12971,4.133333333302289
12971,0.7118055555038154
12971,3.2562500000931323
12971,10.904166666790843
12971,2.109027777798474
12971,0.00069444440305233
12971,7.86944444430992
12971,0.0
12971,0.00069444440305233
12971,0.06111111119389534
12971,3.890972222201526
12971,2.2819444444030523
12971,5.674305555410683
12971,2.0381944444961846
12971,5.906944444403052
12971,1.3111111111938953
12971,11.926388889085501
12971,3.8666666666977108
12971,2.953472222201526
12971,8.295138888526708
12971,0.0361111112870276
12971,6.850000000093132
12971,5.854166666511446
12971,0.00069444440305233
12971,12.981250000186265
12971,6.254166666418314
12971,1.7215277780778706
12971,14.04513888899237
12971,11.125
12971,4.815277777612209
12971,4.0479166666045785
12971,1.2159722223877907
12971,0.00069444440305233
12971,0.0
12971,4.917361110914499
12971,2.0944444444030523
12971,0.8590277777984738
12971,2.9520833333954215
12971,2.0708333333022892
12971,2.175694444682449
12971,3.787499999627471
12971,1.206944444682449
12971,1.9013888887129724
12971,4.902083333581686
12980,27.01180555531755
12980,29.89166666707024
12980,11.978472222108394
12980,7.164583333302289
12980,71.96875
12980,22.944444444496185
12980,10.979861110914499
12980,18.975694444496185
12981,103.90694444440305
12985,27.91805555531755
12987,124.00208333320916
12989,36.97222222248092
12989,29.07986111100763
12989,30.925000000279397
12989,28.99791666632518
12989,38.09097222238779
12989,0.00069444440305233
12989,42.7611111109145
12989,69.2687500002794
12989,21.754166666418314
12989,0.02847222238779068
12989,12.942361111287028
12989,32.11111111100763
12989,13.03958333330229
12989,5.11388888861984
12990,124.95000000018626
12990,153.9402777776122
12991,89.03819444449618
12993,90.8326388890855
12993,87.06458333320916
12993,97.15833333320916
12994,148.35486111138016
12994,115.94513888889924
12997,80.884027778171
12997,147.80694444430992
12997,66.30763888871297
12999,40.25763888889924
12999,8.865972221828997
13000,104.99166666669771
13000,153.02013888861984
13001,8.088888888712972
13001,21.981944444589317
13001,8.927777777891606
13001,10.004861110821366
13001,12.970833333674818
13001,10.113194444216788
13001,14.93472222238779
13001,21.893055555410683
13001,33.0812500002794
13001,26.144444444216788
13001,135.92291666660458
13001,18.023611111100763
13003,63.19652777770534
13003,45.90555555559695
13004,24.091666666790843
13004,17.118749999906868
13004,18.975694444496185
13004,12.90625
13004,35.080555555876344
13004,34.99722222192213
13004,30.868749999906868
13004,7.215277777984738
13004,8.07986111100763
13004,35.00208333320916
13004,18.930555555969477
13004,36.740277777425945
13004,14.163194444496185
13004,0.06388888880610466
13004,27.876388889271766
13004,9.026388888712972
13004,14.993055555503815
13005,72.88958333339542
13012,75.02222222229466
13012,6.137499999720603
13012,64.85069444449618
13012,70.28819444449618
13012,54.975694444496185
13012,1.996527777519077
13012,11.869444444775581
13013,0.0006944448687136173
13013,122.90902777761221
13013,36.07986111100763
13013,57.89236111100763
13013,19.986805555876344
13013,11.029166666325182
13013,15.989583333488554
13013,15.083333333488554
13013,27.95972222229466
13013,28.927083333022892
13013,14.223611111287028
13013,20.024999999906868
13014,18.7076388890855
13014,42.11736111110076
13014,51.035416666883975
13014,55.790972222108394
13014,39.02013888861984
13014,38.140972222201526
13014,3.9750000000931323
13014,10.018055555876344
13014,11.943749999627471
13015,0.009722222108393908
13015,3.734722222201526
13015,48.33680555596948
13015,143.87083333311602
13016,49.96319444430992
13016,0.00069444440305233
13018,7.111805555410683
13018,24.80347222229466
13018,15.052777777891606
13018,12.231944444589317
13018,0.00138888880610466
13018,9.815972222015262
13018,16.00555555569008
13018,0.00069444440305233
13018,2.981944444589317
13018,11.08541666669771
13018,16.99791666632518
13018,24.972916666883975
13018,0.00069444440305233
13018,22.96597222238779
13018,0.0
13018,9.066666666418314
13018,29.943750000093132
13018,7.03125
13018,0.00069444440305233
13018,13.003472222480923
13018,8.08819444430992
13018,33.802083333488554
13018,0.0
13018,4.164583333302289
13018,0.00208333320915699
13018,0.00277777761220932
13018,9.965277777984738
13021,94.97291666688398
13021,48.12013888871297
13021,48.97708333330229
13021,96.13125000009313
13021,0.00069444440305233
13021,32.009722222574055
13021,12.799305555410683
13021,21.256250000093132
13023,65.28680555569008
13026,54.96944444440305
13026,127.96527777751908
13026,60.910416666883975
13026,30.379166666418314
13027,86.01944444421679
13027,34.85763888899237
13027,76.25
13027,1.8444444444030523
13027,41.899305555503815
13028,22.875694444868714
13029,214.90555555559695
13029,107.89999999990687
13030,356.99930555559695
13032,34.96805555559695
13034,314.8951388890855
13035,186.98333333339542
13037,36.99374999990687
13037,81.00902777770534
13038,106.95000000018626
13038,103.17083333339542
13040,24.864583333488554
13046,235.70347222220153
13047,0.0
13047,0.00069444440305233
13047,64.18819444440305
13047,55.015277777798474
13047,35.029861111193895
13047,45.98958333302289
13047,46.16805555578321
13047,70.7201388888061
13047,25.035416666883975
13048,88.95486111100763
13048,124.91111111128703
13048,99.08333333302289
13049,253.95694444468245
13050,6.015277777798474
13050,2.1944444444961846
13050,3.8374999999068677
13050,34.086805555503815
13050,12.125
13050,3.986805555410683
13050,41.97152777761221
13050,57.99444444477558
13050,18.95972222229466
13050,37.1687499997206
13050,26.688888888806105
13050,15.17291666707024
13050,49.89861111110076
13050,10.93194444430992
13050,23.98541666660458
13050,6.973611111287028
13055,135.2270833333023
13055,0.00069444440305233
13058,93.06041666679084
13058,33.96875
13064,174.91180555569008
13064,64.09861111082137
13064,75.94097222248092
13066,7.8270833333954215
13068,309.27777777798474
13069,0.00069444440305233
13069,7.996527777519077
13069,0.009027778171002865
13069,27.069444444496185
13069,26.154861110728234
13069,47.8625000002794
13069,21.056249999906868
13069,0.0055555556900799274
13069,3.9722222220152617
13069,19.913194444496185
13069,3.173611111007631
13069,13.815972222480923
13069,7.156944444403052
13069,1.7604166665114462
13069,9.11666666669771
13069,29.97777777770534
13069,23.23263888899237
13069,7.757638888899237
13069,20.0
13069,46.06527777761221
13069,0.00069444440305233
13069,39.10000000009313
13069,13.702777777798474
13077,76.0527777778916
13077,0.00277777761220932
13077,289.12847222201526
13078,7.030555555596948
13078,27.089583333116025
13078,16.067361111287028
13078,20.004861110821366
13078,21.020833333488554
13078,20.85555555531755
13078,9.139583333395422
13078,19.094444444403052
13078,25.82361111138016
13078,20.08263888861984
13078,16.936805555596948
13078,22.887500000186265
13078,24.16180555569008
13078,9.852777777705342
13078,20.068750000093132
13078,4.013888888526708
13078,17.966666666790843
13078,0.00069444440305233
13078,6.138888888992369
13078,7.040277777705342
13078,18.737499999813735
13078,8.184027777984738
13078,7.831944444682449
13078,6.277777777519077
13078,6.961805555503815
13079,49.03055555559695
13079,15.931944444775581
13079,53.802777777425945
13079,17.32638888899237
13081,0.0006944448687136173
13081,33.97222222201526
13081,48.99236111110076
13081,0.00069444440305233
13081,24.92569444468245
13081,45.72638888889924
13081,74.15069444430992
13081,107.8874999997206
13081,6.113888889085501
13081,17.961805555503815
13082,68.69166666641831
13082,15.24166666669771
13082,18.87777777807787
13082,0.024305555503815413
13082,58.93958333320916
13082,0.00069444440305233
13082,19.225694444496185
13082,31.02222222229466
13083,71.17708333348855
13085,137.9263888890855
13089,1.1472222222946584
13089,0.00069444440305233
13089,7.0499999998137355
13089,0.00069444440305233
13089,1.966666666790843
13089,0.7361111110076308
13089,0.09305555559694767
13089,20.064583333209157
13089,0.0
13089,0.9201388889923692
13089,6.980555555783212
13089,4.27569444430992
13089,8.722222222015262
13089,1.0361111112870276
13089,1.2666666666045785
13089,2.6763888890855014
13089,0.23749999981373549
13089,1.8444444444030523
13089,12.188888888806105
13089,2.0625
13089,0.00069444440305233
13089,0.00069444440305233
13089,6.805555555969477
13089,13.101388888899237
13089,0.00208333320915699
13089,7.86944444430992
13089,7.957638889085501
13089,0.00138888880610466
13089,7.127083333209157
13089,5.006250000093132
13089,1.9673611111938953
13089,4.034722222015262
13089,0.877083333209157
13089,0.0020833336748182774
13089,2.152777777519077
13089,2.859027777798474
13089,0.15069444477558136
13089,9.723611110821366
13089,6.154166666790843
13089,0.00208333320915699
13089,3.09930555569008
13089,4.840277777519077
13089,0.0006944448687136173
13089,2.178472221828997
13089,0.0013888892717659473
13089,0.00069444440305233
13089,0.00069444440305233
13089,2.947222222108394
13089,7.861805555410683
13089,0.00138888880610466
13089,12.10763888899237
13089,1.9500000001862645
13089,0.00138888880610466
13089,12.013194444589317
13089,3.0923611111938953
13089,0.00208333320915699
13089,13.80694444430992
13089,5.254166666883975
13089,1.8576388885267079
13089,8.195138888899237
13089,0.0027777780778706074
13089,7.794444444123656
13089,4.086805555969477
13089,0.00138888880610466
13089,12.856944444123656
13089,0.0013888892717659473
13089,3.9624999999068677
13089,12.160416666418314
13089,0.8986111111007631
13089,0.0020833336748182774
13089,18.936805555596948
13089,2.081944444216788
13089,0.00069444440305233
13089,0.0
13089,0.00069444440305233
13089,3.1534722223877907
13089,4.774999999906868
13089,6.197916666511446
13089,0.00069444440305233
13089,0.0
13089,4.813194444868714
13089,7.997222221922129
13089,0.15277777798473835
13089,8.793749999720603
13089,2.2465277779847383
13089,8.888194444589317
13089,6.165972222108394
13089,1.8430555555969477
13089,1.1631944444961846
13089,5.668055555317551
13089,0.0
13089,5.259722222108394
13089,3.0437500001862645
13089,0.05555555550381541
13089,3.884722222108394
13089,1.7722222222946584
13090,7.183333333116025
13090,0.1659722221083939
13090,35.84027777798474
13090,40.180555555503815
13090,22.745138888712972
13090,27.995138889178634
13090,62.98958333302289
13090,39.19375000009313
13090,71.87291666679084
13090,11.043750000186265
13090,22.098611110821366
13090,11.865972222294658
13090,11.027083333116025
13092,82.10208333330229
13092,49.938194444868714
13092,15.872916666325182
13092,141.03888888889924
13093,14.780555555596948
13093,0.00069444440305233
13093,21.228472222108394
13093,6.867361111100763
13093,19.95694444468245
13093,23.088888888712972
13093,11.961805555503815
13094,29.00208333367482
13094,2.2416666666977108
13094,35.84930555522442
13094,18.89722222229466
13094,74.04375000018626
13094,2.9895833330228925
13094,14.051388889085501
13094,34.97222222201526
13094,27.03680555569008
13094,49.09861111128703
13094,58.96527777751908
13097,22.768750000279397
13097,45.15138888871297
13097,32.93263888871297
13097,26.08472222229466
13097,59.8937500002794
13097,0.011111110914498568
13097,51.02847222238779
13097,45.035416666418314
13097,44.90625
13098,12.906944444868714
13098,31.010416666511446
13098,24.04513888899237
13098,1.992361111100763
13098,33.91180555522442
13098,0.8756944444030523
13098,14.108333333395422
13098,13.100694444496185
13098,9.108333333395422
13098,6.975000000093132
13098,11.928472222294658
13098,6.000694444403052
13098,9.99444444430992
13098,6.839583333581686
13098,7.071527777705342
13098,14.077777777798474
13098,19.12777777761221
13098,6.907638888806105
13098,26.87152777798474
13098,0.028472221922129393
13098,17.290972222574055
13098,14.034722222015262
13098,7.88055555569008
13098,11.766666666604578
13098,4.2333333333954215
13098,0.00069444440305233
13098,3.929861111100763
13102,5.004166666418314
13102,25.962499999906868
13102,2.048611111473292
13102,9.909722222015262
13102,12.999305555596948
13102,1.0354166668839753
13102,33.927777777425945
13102,0.00069444440305233
13102,10.151388889178634
13102,17.876388888806105
13102,0.03680555569007993
13102,26.120138888712972
13102,21.75833333330229
13102,0.00138888880610466
13102,25.19305555569008
13102,18.783333333209157
13102,21.06805555569008
13102,0.05694444430992007
13102,52.11111111100763
13102,38.929861111566424
13102,19.08263888861984
13102,15.182638888712972
13102,6.727777778171003
13104,87.06180555559695
13104,134.0819444442168
13104,47.82986111100763
13104,38.95208333339542
13104,43.12430555559695
13107,157.85347222257406
13107,90.03055555559695
13107,41.21597222192213
13109,97.80555555550382
13110,27.981944444589317
13110,26.04861111100763
13110,120.00694444449618
13110,0.00138888880610466
13110,83.96388888871297
13110,21.95972222229466
13113,34.99236111110076
13113,14.018750000279397
13113,8.993749999906868
13113,17.993055555503815
13113,9.963888888712972
13113,17.04791666660458
13113,8.965277777984738
13113,11.977777777705342
13113,0.0055555556900799274
13113,6.952777777798474
13113,9.018749999813735
13113,5.97986111138016
13113,9.054861111100763
13113,9.949305555317551
13113,8.99444444430992
13113,16.963888889178634
13113,13.024305555503815
13113,40.047222222201526
13113,8.92361111100763
13113,52.11736111110076
13113,21.024305555503815
13113,25.86666666669771
13113,14.10208333330229
13115,125.85208333330229
13115,1.9256944442167878
13115,45.07152777770534
13117,7.068750000093132
13117,46.04027777770534
13117,41.75277777807787
13117,39.06874999962747
13117,20.968055555596948
13117,95.97500000009313
13117,100.07847222220153
13118,35.27777777751908
13118,44.756944444496185
13118,188.96875
13118,0.0062500000931322575
13122,146.07013888889924
13124,106.9986111111939
13124,162.9076388888061
13126,0.00069444440305233
13126,27.89444444468245
13126,64.24652777798474
13126,21.06527777761221
13126,180.74236111110076
13126,28.009722222108394
13126,39.970138888806105
13131,116.26527777779847
13131,47.836805555503815
13133,30.779861111193895
13134,6.152777777984738
13134,50.791666666511446
13134,97.95694444421679
13136,69.9673611111939
13136,0.00069444440305233
13136,54.984722222201526
13136,31.08472222229466
13137,55.98611111147329
13137,114.01388888852671
13137,35.03472222248092
13137,10.998611111193895
13137,51.98888888861984
13137,11.979166666977108
13137,18.00902777770534
13138,131.78888888889924
13138,107.14930555550382
13138,53.0812500002794
13138,33.75208333320916
13138,24.30347222229466
13139,44.17083333339542
13139,105.75069444440305
13139,37.13124999962747
13139,39.92847222229466
13139,0.00069444440305233
13139,16.09930555569008
13140,250.9173611109145
13140,7.097222222480923
13141,0.06805555522441864
13141,80.78402777807787
13141,20.251388888806105
13141,129.76458333339542
13145,245.04166666651145
13145,35.62777777761221
13145,52.10763888899237
13147,56.171527777798474
13147,12.738194444682449
13147,20.15347222238779
13148,51.02916666679084
13148,0.011805555317550898
13148,0.05347222229465842
13148,51.793750000186265
13148,28.92916666623205
13148,73.15208333358169
13148,0.009722222108393908
13148,25.828472222201526
13148,0.00069444440305233
13148,104.22986111138016
13148,0.05694444430992007
13149,139.97430555569008
13149,43.01388888899237
13149,91.9784722221084
13155,41.94236111128703
13155,246.96249999990687
13155,46.21805555559695
13157,57.00069444440305
13157,100.02083333348855
13157,91.96944444440305
13158,163.12986111128703
13158,35.83263888861984
13158,25.120833333581686
13159,9.144444444216788
13159,55.922222222201526
13159,41.916666666511446
13162,101.20486111100763
13162,49.0
13162,62.01458333339542
13165,305.0409722221084
13167,12.999305555596948
13167,63.123611111193895
13167,48.884722222108394
13168,26.049305555876344
13168,92.95138888852671
13168,162.95833333348855
13169,188.9076388888061
13171,250.08472222229466
13171,27.756250000093132
13173,363.05625000037253
13174,52.96666666679084
13174,299.9576388890855
13178,65.02291666669771
13178,49.94305555569008
13178,31.132638888899237
13178,10.818055555224419
13178,32.18819444440305
13178,22.913194444496185
13178,15.03402777807787
13178,59.98888888861984
13178,37.83541666669771
13178,9.284722222480923
13183,73.99097222229466
13183,52.089583333116025
13183,50.99513888871297
13183,21.963888889178634
13183,34.21249999990687
13183,14.742361111100763
13183,49.172222222201526
13183,29.819444444496185
13184,37.790972222108394
13184,18.0826388890855
13184,6.997222221922129
13184,42.92986111110076
13184,32.995138889178634
13184,4.019444444216788
13184,16.92291666660458
13184,0.0027777780778706074
13184,116.03472222201526
13186,35.109027777798474
13186,53.995833333116025
13189,96.8937500002794
13192,109.96944444440305
13196,177.93333333311602
13196,73.04513888899237
13196,0.00069444440305233
13198,43.16458333330229
13198,68.8534722221084
13198,93.03750000009313
13198,36.08263888861984
13198,110.10347222257406
13199,8.148611111100763
13199,19.947222222108394
13199,8.077777777798474
13199,4.020833333488554
13199,15.948611110914499
13199,13.899999999906868
13199,0.00069444440305233
13199,15.09375
13199,13.920833333395422
13199,26.97708333330229
13199,5.970138889271766
13199,7.115277777425945
13199,8.942361111287028
13199,21.07430555531755
13199,0.0
13199,20.930555555969477
13199,4.109027777798474
13199,29.07083333330229
13199,35.89305555541068
13199,3.9368055555969477
13199,11.090277777519077
13199,27.864583333488554
13199,0.0
13199,13.861805555410683
13199,8.109027777798474
13199,0.040972222574055195
13199,10.20763888861984
13199,0.7743055555038154
13199,8.03680555569008
13199,4.861111111007631
13199,1.163888888899237
13199,2.8625000002793968
13199,0.00138888880610466
13199,4.179166666697711
13199,1.9277777774259448
13199,0.8604166670702398
13199,4.149305555503815
13200,51.96527777798474
13200,52.81319444440305
13200,2.2527777776122093
13203,121.82569444458932
13203,81.1347222221084
13203,29.876388888806105
13207,135.13680555531755
13208,68.72569444449618
13208,33.97777777770534
13208,51.078472222201526
13208,96.08819444477558
13208,0.7284722221083939
13209,35.16388888889924
13209,98.85902777779847
13209,83.95000000018626
13209,15.095833333209157
13209,98.07083333330229
13209,0.00069444440305233
13209,0.00069444440305233
13211,266.05486111110076
13211,84.87986111082137
13212,0.020138889085501432
13212,41.890972222201526
13213,0.13263888889923692
13213,16.058333333116025
13213,54.839583333581686
13213,71.94166666641831
13217,24.94097222201526
13217,9.200694444589317
13220,17.018749999813735
13220,33.9888888890855
13220,107.10277777770534
13221,119.14861111110076
13223,31.907638889271766
13224,91.03125
13225,23.277083333581686
13225,67.77013888861984
13225,74.07013888889924
13225,53.165277778171
13225,82.89583333302289
13225,56.97430555569008
13230,44.75347222201526
13230,11.26736111100763
13230,13.984722222667187
13230,12.913888888899237
13230,36.07986111100763
13230,6.991666666697711
13230,11.813888888806105
13230,25.861805555410683
13230,49.16458333330229
13230,14.034722222480923
13230,0.00208333320915699
13230,109.1548611111939
13230,24.83472222229466
13232,34.947916666511446
13232,12.03680555569008
13232,15.910416666418314
13232,82.0840277778916
13232,72.0527777778916
13232,13.836805555503815
13233,261.941666666884
13236,82.16111111082137
13238,196.89930555550382
13238,140.1763888890855
13238,5.965972221922129
13240,108.1138888890855
13240,84.0
13240,76.94097222201526
13242,0.00138888880610466
13242,101.01736111147329
13246,4.093055555131286
13246,33.79236111138016
13246,86.07430555531755
13246,30.009027778171003
13246,158.1659722221084
13247,31.117361111100763
13247,28.979166666977108
13247,4.881250000093132
13248,64.98263888899237
13249,168.04236111138016
13249,0.8743055555969477
13253,182.76805555541068
13255,364.0527777778916
13258,182.01111111138016
13258,11.836111111100763
13261,17.070138888899237
13263,46.84375
13263,8.10208333330229
13263,9.902777777984738
13263,5.096527777612209
13263,5.934722222387791
13263,15.002083333209157
13263,1.992361111100763
13263,5.135416666511446
13263,6.968055555596948
13263,8.97708333330229
13263,0.004166666883975267
13263,5.970833333209157
13263,6.848611111287028
13263,7.18194444430992
13263,14.981250000186265
13263,0.0069444444961845875
13263,12.990277777425945
13263,7.084722222294658
13263,6.777083333581686
13263,22.026388888712972
13263,7.094444444403052
13263,12.120138888712972
13263,20.955555555876344
13263,16.762499999720603
13263,4.154861111193895
13263,6.947916666511446
13263,8.050694444682449
13263,0.9722222220152617
13263,5.113888889085501
13263,1.8951388890855014
13263,26.959722221828997
13263,5.013194444589317
13263,2.913888888899237
13263,7.113194444682449
13265,28.225694444496185
13265,61.75624999962747
13265,95.00555555569008
13265,35.22638888889924
13266,9.055555555503815
13266,13.012499999720603
13266,16.041666666977108
13266,14.859722222201526
13266,18.168749999720603
13266,26.968055555596948
13266,45.86666666669771
13266,37.078472222201526
13266,32.14166666660458
13266,13.952777777798474
13266,18.038194444496185
13267,6.098611110821366
13267,29.012500000186265
13267,55.88263888889924
13267,0.0
13267,0.00069444440305233
13267,14.20138888899237
13267,28.96875
13267,32.8861111109145
13267,0.00069444440305233
13267,0.00069444440305233
13267,41.19097222248092
13267,0.00208333320915699
13267,47.854166666511446
13267,18.16180555569008
13267,56.089583333581686
13267,6.849999999627471
13267,11.871527777984738
13267,15.00555555569008
13268,13.147222222294658
13268,12.795833333395422
13268,21.975694444496185
13268,21.007638888899237
13268,29.00277777761221
13268,84.99236111110076
13268,46.00277777761221
13268,13.171527777798474
13268,7.830555555876344
13268,0.011805555317550898
13269,8.125694444403052
13269,110.90902777807787
13269,17.05416666669771
13269,15.122916666325182
13269,38.77777777798474
13269,29.156944444403052
13269,40.86666666669771
13269,21.024305555503815
13269,22.124305555596948
13269,0.00069444440305233
13269,44.725694444496185
13269,0.00069444440305233
13269,10.166666666511446
13269,10.07083333330229
13272,58.07916666660458
13276,36.11180555541068
13277,17.197222222108394
13277,90.93055555550382
13277,9.84097222238779
13280,20.97152777761221
13280,193.86458333348855
13282,58.0513888890855
13282,144.09444444440305
13283,125.88263888889924
13285,63.82638888899237
13285,65.07638888852671
13285,137.9347222223878
13292,245.79444444458932
13294,59.845138888806105
13297,43.763194444123656
13297,0.00069444440305233
13297,16.00277777807787
13301,69.94583333376795
13301,64.06944444403052
13301,54.90972222248092
13305,76.86666666669771
13305,22.26666666660458
13305,27.961111111100763
13305,99.8534722221084
13305,30.156944444403052
13305,15.773611111100763
13305,7.032638889271766
13305,71.04513888852671
13305,17.172222222201526
13308,151.0631944448687
13308,29.782638888806105
13309,102.01041666651145
13309,118.06319444440305
13309,42.959027777891606
13309,38.1374999997206
13310,117.94166666688398
13310,178.1645833333023
13311,145.93680555559695
13313,124.13888888899237
13313,74.2076388890855
13313,105.69930555531755
13313,13.237500000279397
13314,10.117361111100763
13314,61.97222222248092
13316,122.94930555578321
13316,52.01805555541068
13316,42.05972222238779
13317,0.00069444440305233
13317,119.13819444458932
13317,40.91180555522442
13317,0.0
13317,132.125
13318,31.95208333339542
13318,4.273611111100763
13319,0.00069444440305233
13319,11.140277777798474
13319,0.00277777761220932
13319,14.922916666604578
13319,35.947222222108394
13319,0.0006944448687136173
13319,33.09444444440305
13319,0.00069444440305233
13319,20.952777777798474
13319,41.93263888871297
13319,21.105555555783212
13319,0.0
13319,16.90625
13319,21.08819444430992
13319,0.00069444440305233
13319,14.024305555503815
13319,21.156944444403052
13319,21.736805555410683
13319,24.94305555569008
13319,0.00069444440305233
13319,37.22638888889924
13319,0.00069444440305233
13319,0.00069444440305233
13319,12.088888889178634
13319,11.871527777519077
13320,0.00069444440305233
13320,107.06944444449618
13320,28.247916666790843
13321,14.004166666418314
13323,52.109027777798474
13323,10.766666666604578
13323,13.175000000279397
13323,5.1083333333954215
13324,48.015972222201526
13324,69.99722222238779
13324,0.03472222248092294
13324,39.05416666669771
13324,0.053472221828997135
13324,0.022222222294658422
13324,113.92847222229466
13324,0.0076388888992369175
13324,53.16250000009313
13327,0.00069444440305233
13327,69.7597222221084
13327,36.15833333320916
13327,73.80486111110076
13327,41.28125
13327,31.844444444868714
13327,73.93472222192213
13329,335.01250000018626
13330,130.09027777798474
13330,93.00624999962747
13334,114.99375000037253
13334,108.15833333320916
13340,131.07361111138016
13340,0.00069444440305233
13340,11.079166666604578
13340,28.774305555503815
13340,60.13819444458932
13340,0.00069444440305233
13344,209.96944444440305
13344,0.00069444440305233
13350,63.125
13362,41.86666666669771
13362,193.12291666632518
13362,43.140972222201526
13363,26.07916666707024
13365,184.02499999990687
13368,80.89374999981374
13373,117.90555555559695
13373,97.9388888888061
13376,30.836805555503815
13376,104.29722222220153
13379,68.11944444477558
13379,41.93541666632518
13381,91.25833333330229
13381,59.77916666679084
13381,34.11319444468245
13381,24.074999999720603
13381,57.84930555569008
13384,49.870138889178634
13384,41.17291666660458
13384,13.90625
13384,0.00069444440305233
13384,28.169444444123656
13384,14.809027777984738
13388,0.0
13389,157.90277777798474
13389,63.17291666660458
13394,42.31875000009313
13394,52.75763888889924
13394,63.04930555541068
13394,35.822916666511446
13394,37.288194444496185
13394,24.747916666790843
13394,52.05486111110076
13396,290.1402777777985
13397,44.93263888871297
13397,111.14027777779847
13397,72.82916666660458
13397,37.97708333330229
13402,244.94375000009313
13404,211.15277777751908
13405,113.29444444458932
13405,130.02083333348855
13408,1.9583333330228925
13408,10.158333333674818
13408,2.7798611111938953
13408,0.30833333311602473
13408,21.004861111287028
13408,17.802083333022892
13408,7.06805555569008
13408,14.924305555410683
13408,20.052083333488554
13408,16.027083333116025
13408,0.0013888892717659473
13408,4.124305555596948
13408,6.840972221922129
13408,10.106250000186265
13408,0.00069444440305233
13408,0.00138888880610466
13408,12.794444444589317
13408,2.24444444430992
13408,17.768055555410683
13408,0.0
13408,0.00069444440305233
13408,0.0013888892717659473
13408,0.0
13408,0.00138888880610466
13408,17.113194444216788
13408,12.026388889178634
13408,0.00138888880610466
13408,0.00069444440305233
13408,11.90347222238779
13408,0.00069444440305233
13408,8.92361111100763
13408,7.310416666790843
13408,11.964583333116025
13408,9.99444444430992
13408,0.0
13408,0.00069444440305233
13408,7.8597222226671875
13408,10.984027777332813
13408,3.1437500002793968
13408,6.803472222294658
13408,10.009722222108394
13408,0.00069444440305233
13408,3.081944444682449
13408,11.070138888899237
13408,0.00624999962747097
13408,8.916666666977108
13408,0.00069444440305233
13408,22.027777777519077
13408,0.00138888880610466
13408,0.0027777780778706074
13408,0.00416666641831398
13408,8.050694444682449
13408,5.882638888899237
13408,7.0520833330228925
13408,5.840972222387791
13408,1.0500000002793968
13408,5.117361111100763
13408,0.0
13408,3.0625
13408,4.906944444403052
13408,1.849999999627471
13410,28.01666666660458
13410,76.03472222248092
13410,112.82430555531755
13410,50.16250000009313
13414,139.0270833335817
13414,23.953472222201526
13416,37.759027778171
13417,200.68263888871297
13418,0.00069444440305233
13418,7.963194444775581
13418,5.163888888899237
13418,0.00069444440305233
13418,107.02013888861984
13418,39.84027777798474
13418,0.00069444440305233
13418,8.149305555503815
13418,40.0812500002794
13418,0.00069444440305233
13418,7.990277777425945
13418,0.00069444440305233
13418,31.995138889178634
13418,25.75
13418,14.106944444589317
13418,23.987499999813735
13418,48.933333333116025
13420,20.88402777770534
13421,249.94097222248092
13425,126.20416666660458
13425,60.15625
13426,22.96597222192213
13426,82.10347222257406
13426,15.904166666325182
13426,55.887500000186265
13426,93.10833333339542
13426,25.061805555596948
13426,37.96111111110076
13426,16.03958333330229
13426,9.8125
13427,94.87152777798474
13427,101.00625000009313
13429,14.869444444775581
13429,10.981944444123656
13429,38.864583333488554
13430,67.74513888871297
13431,21.100000000093132
13434,22.163194444496185
13435,62.77916666679084
13435,16.07916666660458
13435,35.063888888806105
13435,30.98263888899237
13435,20.02291666669771
13435,18.973611111287028
13437,20.904861111193895
13437,40.07430555578321
13437,30.180555555503815
13437,67.82083333330229
13437,7.043749999720603
13437,9.954861111473292
13447,2.07361111138016
13447,10.07083333330229
13448,0.00069444440305233
13448,9.149999999906868
13448,145.89166666660458
13448,138.0416666669771
13448,63.98611111100763
13450,13.699999999720603
13450,43.09375
13450,36.81458333320916
13450,35.15000000037253
13450,62.91249999962747
13451,65.0013888888061
13451,58.13333333330229
13451,84.91250000009313
13451,99.96875
13452,11.111805555410683
13453,123.99305555550382
13455,341.9236111114733
13456,31.720833333209157
13456,20.208333333488554
13456,92.05972222238779
13456,41.811111110728234
13456,3.938888889271766
13458,21.972222222480923
13458,32.100694444496185
13458,17.902777777519077
13458,46.07569444458932
13458,27.08472222229466
13458,24.797222222201526
13458,20.091666666790843
13458,33.915972222108394
13458,36.08749999990687
13458,33.95694444468245
13458,21.938194444403052
13458,20.20486111100763
13458,16.013194444589317
13460,20.310416666790843
13461,25.04791666707024
13461,99.89513888861984
13467,25.711805555503815
13468,0.0
13468,4.934722221922129
13468,9.90347222238779
13468,25.975694444496185
13468,14.205555555410683
13468,7.83819444430992
13468,8.129166666883975
13468,14.125694444403052
13468,11.626388888806105
13468,2.2527777780778706
13468,7.996527777519077
13468,6.8270833333954215
13468,6.048611111007631
13468,0.9291666666977108
13468,4.252083333209157
13468,9.81527777807787
13468,12.12222222192213
13468,10.92013888899237
13468,10.882638888899237
13468,3.1916666668839753
13468,21.72430555522442
13468,23.11319444468245
13468,11.079166666604578
13468,11.220833333209157
13468,12.767361111473292
13468,13.919444444123656
13468,12.231944444589317
13468,2.788888888899237
13468,17.96319444430992
13468,8.988194444682449
13468,7.186111111193895
13468,19.848611110821366
13468,9.19027777807787
13468,11.06527777761221
13468,10.810416666790843
13468,5.938888888806105
13470,15.910416666883975
13471,25.86597222229466
13471,16.075000000186265
13471,4.165972222108394
13473,272.1076388885267
13475,36.87986111128703
13475,44.109722222201526
13475,26.063194444403052
13476,102.88680555578321
13477,80.02847222192213
13477,40.98194444458932
13477,32.02291666669771
13477,80.85972222220153
13477,20.089583333116025
13479,33.97083333320916
13481,64.26319444412366
13481,83.91736111138016
13481,0.00069444440305233
13481,62.81875000009313
13486,26.82708333339542
13486,50.00208333320916
13487,140.05902777798474
13487,155.82500000018626
13488,35.95208333339542
13488,22.85763888899237
13488,48.097916666883975
13488,54.009722222108394
13488,9.985416666604578
13488,52.05347222229466
13488,0.00069444440305233
13488,23.9375
13488,33.09930555569008
13488,15.00833333330229
13488,29.0423611109145
13488,26.024999999906868
13489,5.125694444403052
13489,131.9076388888061
13489,52.07361111138016
13491,12.845833333674818
13491,26.965277777519077
13491,15.022222222294658
13491,7.087499999906868
13491,30.094444444403052
13491,16.962499999906868
13491,15.956944444682449
13491,99.83611111110076
13491,95.98055555578321
13492,52.95069444458932
13492,25.229166666511446
13493,11.953472222201526
13495,8.845833333674818
13495,127.15486111072823
13495,196.8013888890855
13495,28.036111111287028
13496,349.02847222192213
13497,85.89374999981374
13499,44.25486111128703
13499,151.77361111110076
13499,44.23333333339542
13499,11.841666666790843
13500,86.22777777770534
13500,12.907638888806105
13502,48.984027777798474
13502,258.0826388890855
13505,40.14861111110076
13505,25.871527777519077
13505,93.97222222248092
13506,53.06805555569008
13507,38.140277777798474
13507,9.02291666669771
13507,94.89444444421679
13509,11.09375
13509,18.888194444123656
13509,104.87986111128703
13509,49.92847222229466
13509,47.1361111109145
13509,43.93680555559695
13510,88.19375000009313
13510,49.98611111100763
13510,43.99652777751908
13515,99.18680555559695
13515,30.929861111100763
13515,44.92013888899237
13516,166.05694444430992
13516,51.032638889271766
13517,73.12222222192213
13517,47.00208333320916
13520,47.06805555522442
13520,65.08680555550382
13520,74.83055555587634
13520,47.08819444430992
13520,78.91527777770534
13521,4.990277777891606
13521,3.954861111007631
13523,166.76874999981374
13523,0.00138888880610466
13523,153.06805555569008
13523,13.19583333330229
13524,46.145833333488554
13524,71.86736111110076
13524,19.9888888890855
13524,41.00347222201526
13525,233.85069444449618
13527,125.0409722221084
13527,84.00486111128703
13527,12.040972222108394
13527,15.949305555783212
13527,0.00416666641831398
13527,55.99236111110076
13529,125.89236111100763
13531,161.07847222220153
13533,0.004166666883975267
13533,84.95902777742594
13534,0.00069444440305233
13534,21.868055555503815
13534,18.929861111100763
13534,0.0
13534,1.2347222222015262
13534,11.754166666883975
13534,0.0
13534,43.20763888861984
13534,0.0006944448687136173
13534,20.807638888712972
13534,7.992361111100763
13534,0.0
13534,21.963888888712972
13534,0.00069444440305233
13534,11.123611111193895
13534,12.85208333330229
13534,25.03333333367482
13534,27.032638888806105
13534,1.189583333209157
13534,25.80902777798474
13534,54.02013888861984
13534,0.00138888880610466
13534,20.93958333367482
13534,30.21666666632518
13536,22.779166666790843
13536,26.212499999906868
13536,6.940277777612209
13536,10.118055555503815
13536,3.884027778171003
13536,4.196527777705342
13538,40.876388888806105
13538,91.28055555559695
13538,35.120833333116025
13538,27.645833333488554
13538,26.181249999906868
13538,51.140972222201526
13539,68.93194444430992
13539,154.85625000018626
13544,200.9916666666977
13546,147.10902777779847
13546,40.99930555559695
13548,147.13541666651145
13549,40.99097222229466
13549,8.838888888712972
13549,42.01944444468245
13549,8.136111110914499
13549,78.12986111128703
13549,38.702777777798474
13552,59.01041666697711
13552,0.00069444440305233
13552,51.217361110728234
13552,0.0013888892717659473
13552,25.881944444496185
13552,0.00069444440305233
13552,53.12013888871297
13552,2.8215277777053416
13552,37.01736111100763
13552,0.00069444440305233
13552,20.142361111473292
13555,0.012500000186264515
13555,128.04305555531755
13555,0.0069444444961845875
13557,252.13194444449618
13558,6.926388889085501
13558,38.04027777770534
13558,17.96597222238779
13562,104.10416666651145
13562,59.81875000009313
13563,55.89166666660458
13564,13.975000000093132
13564,209.9048611111939
13565,315.0034722224809
13566,41.97152777761221
13569,350.026388888713
13571,27.033333333209157
13571,34.058333333581686
13571,7.880555555224419
13571,42.10416666697711
13571,14.893055555410683
13571,34.97777777770534
13571,24.043750000186265
13571,24.004166666418314
13571,6.047222222201526
13571,11.96041666669771
13571,13.916666666977108
13573,202.9902777778916
13575,42.87777777761221
13575,62.91111111128703
13575,12.10763888899237
13575,35.05486111110076
13576,35.89861111110076
13576,27.010416666511446
13576,19.748611111193895
13576,29.08819444430992
13576,27.904861111193895
13576,14.245833333581686
13576,31.851388888899237
13576,11.177083333022892
13576,14.925000000279397
13576,22.862499999813735
13576,25.242361111100763
13576,16.825000000186265
13576,25.14236111100763
13576,19.887499999720603
13576,22.072916666977108
13576,12.876388888806105
13576,6.164583333302289
13577,92.98472222220153
13577,56.06458333367482
13577,67.14930555550382
13579,354.68819444440305
13588,118.73194444412366
13588,16.248611111193895
13588,20.82638888899237
13588,12.920833333395422
13588,37.04930555541068
13588,19.095138888806105
13588,2.0277777779847383
13588,12.884027777705342
13589,164.97638888889924
13590,64.12916666641831
13590,39.725694444496185
13590,49.03472222201526
13590,99.0625
13590,40.026388889178634
13591,62.06944444403052
13591,139.9361111111939
13592,51.07430555531755
13592,7.725694444496185
13592,170.02499999990687
13593,71.73680555541068
13593,1.0812500002793968
13593,101.00902777770534
13593,54.049999999813735
13596,7.002777777612209
13599,0.00138888880610466
13599,29.216666666790843
13599,53.97986111138016
13599,41.754166666418314
13599,0.00069444440305233
13599,43.24374999990687
13599,41.89166666707024
13599,71.87916666641831
13599,0.0
13599,48.021527777891606
13599,4.159722222015262
13599,9.07361111138016
13599,1.7013888889923692
13599,4.313194444403052
13599,6.722916666418314
13599,0.00069444440305233
13599,0.00069444440305233
13599,0.0
13599,2.152083333581686
13599,7.136111110914499
13601,166.02708333311602
13606,68.04861111147329
13606,214.20416666660458
13610,41.98819444421679
13610,55.970138888806105
13610,42.084027777891606
13610,34.956249999813735
13610,56.04305555578321
13610,41.995833333116025
13611,189.07916666660458
13611,81.10138888889924
13614,166.09791666688398
13614,74.96319444430992
13614,65.02916666679084
13617,67.01527777779847
13617,73.02291666669771
13623,30.00347222201526
13623,16.915277778171003
13623,40.209027777425945
13623,179.82500000018626
13627,152.99652777751908
13627,28.168750000186265
13627,96.96180555550382
13627,20.059027777519077
13629,27.82083333330229
13629,71.15347222238779
13629,28.995138888712972
13629,37.08541666669771
13629,30.805555555503815
13629,6.046527777798474
13629,37.37430555559695
13629,35.6374999997206
13629,32.98611111147329
13629,7.14513888861984
13630,40.125
13630,60.921527777798474
13630,13.163194444496185
13630,65.69513888889924
13630,29.998611111193895
13630,70.1986111109145
13631,60.96388888871297
13631,0.00138888880610466
13631,4.752777778077871
13631,24.041666666511446
13631,0.00138888880610466
13631,13.165972222108394
13631,0.0013888892717659473
13631,21.012499999720603
13631,0.00069444440305233
13631,43.75555555569008
13632,9.859722222201526
13632,60.02638888871297
13632,130.8409722223878
13632,18.095138888806105
13634,85.0326388888061
13634,135.89513888861984
13634,19.955555555876344
13634,53.04027777770534
13636,24.806249999906868
13636,8.09652777807787
13636,130.11597222229466
13636,85.81527777761221
13637,39.0124999997206
13637,135.00555555569008
13643,86.95972222229466
13643,67.20486111100763
13644,31.94027777807787
13644,29.02847222192213
13644,28.124305555596948
13647,59.14444444468245
13647,104.00277777761221
13647,61.94375000009313
13649,109.87847222201526
13650,60.07083333330229
13650,118.93472222238779
13650,21.879166666883975
13650,0.0
13650,50.1048611109145
13651,4.116666666697711
13652,112.0
13652,210.97916666651145
13654,31.050694444216788
13654,40.84305555559695
13654,56.13055555569008
13654,102.12083333311602
13654,0.00069444440305233
13655,127.1888888888061
13656,172.7840277776122
13657,190.99791666679084
13658,118.83680555550382
13658,0.00069444440305233
13658,75.86805555550382
13658,0.00138888880610466
13659,115.02013888861984
13662,47.0
13662,126.94513888889924
13666,0.00208333320915699
13666,227.1048611109145
13668,27.935416666790843
13668,25.118749999906868
13668,13.94027777761221
13668,27.012500000186265
13668,11.064583333209157
13668,7.968055555596948
13668,7.019444444682449
13668,14.922222222201526
13668,7.03125
13668,19.066666666418314
13668,13.929861111100763
13668,21.069444444496185
13668,24.958333333488554
13668,4.979861110914499
13668,22.995833333581686
13668,56.098611110821366
13668,25.893750000279397
13668,9.0
13668,12.005555555224419
13668,7.972916666883975
13669,98.90833333320916
13672,30.999305555596948
13673,13.854861110914499
13675,133.0298611111939
13680,1.915972222108394
13680,298.0493055554107
13680,38.01736111147329
13681,86.84722222201526
13681,42.15555555559695
13681,8.825000000186265
13685,6.8875000001862645
13685,8.122916666790843
13685,41.04791666660458
13685,0.8812500000931323
13685,0.09236111072823405
13685,0.9138888888992369
13692,22.884722222108394
13692,189.04583333339542
13694,15.229861110914499
13694,19.705555555876344
13694,7.978472222108394
13694,15.08541666669771
13694,6.865972222294658
13694,0.00069444440305233
13694,18.161111111287028
13694,0.00138888880610466
13694,0.9916666666977108
13694,8.849999999627471
13694,18.14444444468245
13694,1.0874999999068677
13694,8.777777777984738
13694,0.00416666641831398
13694,0.09791666688397527
13694,12.001388888806105
13694,0.00347222201526165
13694,13.981250000186265
13694,6.101388888899237
13694,2.0006944444030523
13694,2.9305555555038154
13694,1.988194444682449
13694,14.918055555317551
13694,0.0027777780778706074
13694,5.993055555503815
13694,9.40347222192213
13694,6.563194444403052
13694,14.151388889178634
13694,5.143055555410683
13694,16.001388888806105
13694,0.00138888880610466
13694,13.834722222294658
13694,13.94861111138016
13694,0.00208333320915699
13694,6.097222222015262
13694,0.00069444440305233
13694,0.0013888892717659473
13694,0.00069444440305233
13694,21.97777777770534
13694,0.00069444440305233
13694,13.893055555410683
13694,26.216666666790843
13694,0.9256944446824491
13694,1.949305555317551
13694,16.94097222201526
13694,0.0013888892717659473
13694,21.929861111100763
13694,0.00069444440305233
13694,0.00069444440305233
13695,23.18194444477558
13695,8.904861111193895
13695,14.092361110728234
13695,23.942361111287028
13695,19.023611111100763
13695,13.00833333330229
13695,19.992361111100763
13695,8.825000000186265
13695,9.027777777519077
13695,0.008333333302289248
13695,21.10277777770534
13695,16.89444444468245
13695,18.024305555503815
13695,32.09305555559695
13700,0.00069444440305233
13700,55.91805555578321
13700,30.007638888899237
13700,1.0784722222015262
13700,63.915972222108394
13700,84.02013888861984
13700,0.008333333302289248
13700,40.05625000037253
13700,25.981944444123656
13704,1.0423611113801599
13704,6.005555555224419
13704,2.029166666790843
13704,5.7312500001862645
13704,15.11111111100763
13704,11.902083333116025
13704,24.171527777798474
13704,17.029861111193895
13705,228.9486111109145
13705,137.1368055557832
13707,48.191666666418314
13709,146.76736111100763
13709,0.00138888880610466
13709,41.21249999990687
13709,25.82638888899237
13709,36.18958333320916
13709,0.0020833336748182774
13709,16.015277777798474
13709,12.84097222192213
13709,0.00138888880610466
13709,0.0006944448687136173
13709,32.95486111100763
13709,0.00069444440305233
13711,0.00138888880610466
13715,10.15902777807787
13715,0.0069444444961845875
13715,23.97499999962747
13715,57.29583333339542
13717,57.84583333320916
13717,68.22847222257406
13717,43.717361111193895
13717,72.24652777751908
13717,23.997916666790843
13718,49.05972222192213
13719,28.955555555876344
13719,148.1020833333023
13719,23.988194444216788
13719,18.01666666660458
13720,16.25
13720,59.950694444123656
13720,61.944444444496185
13722,151.0416666669771
13722,0.00069444440305233
13725,3.1222222219221294
13725,12.811805555596948
13725,4.241666666697711
13725,23.799999999813735
13725,39.145833333488554
13725,56.03402777807787
13725,119.75069444440305
13726,61.98819444468245
13727,4.895833333488554
13728,55.99722222192213
13728,55.950000000186265
13728,63.99513888871297
13728,27.088888889178634
13728,70.91319444449618
13730,25.825000000186265
13731,27.182638889178634
13735,58.8874999997206
13735,132.1354166669771
13735,18.86944444430992
13736,255.09375
13741,33.756944444496185
13741,112.05972222238779
13742,20.87777777761221
13742,12.067361111287028
13742,49.09305555559695
13742,24.736805555410683
13742,26.174305555410683
13742,2.97430555569008
13742,0.0034722224809229374
13742,5.162499999627471
13742,16.845138889271766
13742,72.9159722221084
13742,72.98819444421679
13743,41.990277777891606
13743,62.040972222108394
13743,39.89444444421679
13743,7.8895833333954215
13743,19.0826388890855
13743,85.90972222201526
13744,197.04930555587634
13748,127.05069444421679
13748,14.178472222294658
13748,136.80208333348855
13748,0.0
13750,39.88819444458932
13750,125.25347222201526
13750,30.976388888899237
13750,86.90069444430992
13752,32.08194444468245
13752,6.031944444403052
13752,23.834027777891606
13752,29.25
13752,30.893749999813735
13754,165.87013888871297
13755,12.770833333488554
13755,1.0812499998137355
13755,11.077083333395422
13755,12.977777777705342
13755,7.006944444496185
13755,0.06180555559694767
13755,8.929861111100763
13755,5.9562499998137355
13756,7.150694444775581
13756,1.773611111100763
13756,152.9798611109145
13756,22.086111111100763
13756,39.91458333330229
13756,14.319444444496185
13756,35.84375
13756,32.881944444496185
13756,24.999305555596948
13756,12.981249999720603
13756,0.0006944448687136173
13756,20.27569444430992
13756,0.00347222201526165
13758,7.146527777425945
13758,31.83472222229466
13758,81.90277777798474
13758,51.24374999990687
13758,162.78055555559695
13758,27.052083333488554
13759,37.96319444430992
13760,202.13958333292976
13761,129.22083333367482
13764,193.09861111128703
13764,73.78333333320916
13767,1.2034722222015262
13767,2.9090277776122093
13767,4.911111111287028
13767,4.18194444430992
13767,2.049305555410683
13767,19.810416666790843
13767,5.121527777519077
13767,37.97638888889924
13767,4.763194444589317
13767,5.168055555783212
13767,33.135416666511446
13767,2.7222222220152617
13767,0.27986111119389534
13767,3.702777777798474
13767,19.21041666669771
13767,0.00069444440305233
13767,12.808333333581686
13767,8.040277777705342
13767,0.0
13767,0.20138888899236917
13767,1.9458333333022892
13767,36.99791666632518
13767,2.0305555555969477
13767,12.896527777891606
13767,24.208333333488554
13767,3.8583333333954215
13767,14.850694444030523
13767,21.048611111473292
13767,6.179861111100763
13767,0.7506944444030523
13767,0.06805555569007993
13767,0.00069444440305233
13767,19.932638888712972
13767,31.293750000186265
13767,3.8076388887129724
13767,23.109722222201526
13769,41.03472222201526
13769,70.85625000018626
13769,20.17291666660458
13769,27.78958333330229
13769,85.03472222248092
13769,30.129861110821366
13769,0.00069444440305233
13769,54.9875000002794
13769,35.06319444440305
13771,47.881944444496185
13771,135.05555555550382
13771,0.00069444440305233
13772,142.95208333339542
13772,63.01458333292976
13777,0.0069444444961845875
13777,0.00138888880610466
13777,0.0020833336748182774
13777,0.00208333320915699
13777,0.00138888880610466
13777,0.00069444440305233
13777,6.967361111193895
13777,0.0
13777,14.853472222108394
13777,21.940972222480923
13777,19.166666666511446
13777,14.809027777984738
13777,7.234027777798474
13777,11.904166666325182
13777,11.89791666669771
13777,9.170833333395422
13777,8.827777777798474
13777,38.93680555559695
13777,18.12847222201526
13777,5.077777777798474
13777,18.848611111287028
13777,16.16458333330229
13777,19.930555555503815
13777,48.03194444440305
13777,3.091666666790843
13777,0.7201388888061047
13777,20.04791666660458
13777,32.93541666679084
13777,0.0361111112870276
13777,16.066666666418314
13777,8.04513888899237
13777,0.00138888880610466
13780,163.08750000037253
13782,93.15277777798474
13782,109.89791666669771
13782,55.993055555503815
13782,21.018055555410683
13782,34.970138888806105
13784,19.8125
13784,1.1388888889923692
13784,29.797222222201526
13784,63.024305555503815
13784,33.11666666669771
13784,17.137500000186265
13784,55.12777777761221
13784,18.754166666418314
13784,36.96527777798474
13784,47.91388888889924
13787,288.8895833333954
13791,40.79583333339542
13792,221.0194444442168
13798,7.921527777798474
13798,25.80138888861984
13798,0.00069444440305233
13798,1.9631944447755814
13798,4.102083333302289
13798,12.16458333330229
13798,15.972916666418314
13798,7.901388889178634
13798,3.875
13798,5.219444444403052
13798,10.029166666790843
13798,3.7506944444030523
13798,9.006249999627471
13798,2.144444444682449
13798,6.942361111287028
13798,0.9736111108213663
13798,6.0145833333954215
13798,5.977777777705342
13798,0.00208333320915699
13798,7.061805555596948
13798,2.97430555569008
13798,4.951388888992369
13798,7.868055555503815
13798,0.00138888880610466
13798,5.231944444589317
13798,3.9187499997206032
13798,0.0013888892717659473
13798,5.160416666418314
13798,4.820138888899237
13798,3.095833333209157
13798,1.0166666670702398
13798,9.92083333292976
13798,5.915972222574055
13798,8.129166666418314
13798,7.143750000279397
13798,9.759722222108394
13798,12.24444444430992
13798,13.950000000186265
13798,6.042361110914499
13798,15.745833333581686
13798,14.206249999813735
13798,4.868055555503815
13798,1.86944444430992
13798,14.125
13798,7.177083333488554
13798,1.8374999999068677
13798,9.828472222201526
13798,11.047916666604578
13798,7.136805555783212
13798,4.802083333488554
13798,4.229861110914499
13798,8.938194444403052
13798,6.004166666883975
13798,4.006249999627471
13798,5.03680555569008
13798,1.1041666669771075
13799,177.90902777807787
13802,56.95208333339542
13802,116.0
13804,133.25069444440305
13804,15.081944444216788
13804,44.74375000037253
13804,18.0625
13804,48.00069444440305
13804,0.00138888880610466
13805,76.97291666641831
13808,3.002083333209157
13808,27.99097222229466
13808,19.02847222192213
13808,40.98611111147329
13810,0.02708333358168602
13810,27.78958333330229
13811,3.658333333209157
13811,51.97638888889924
13812,41.07152777770534
13812,21.993055555503815
13813,45.12847222248092
13813,18.822222222108394
13813,31.052777777891606
13814,44.995833333581686
13815,146.03611111128703
13815,149.03194444440305
13815,1.0173611110076308
13816,40.75069444440305
13817,322.25208333320916
13819,10.140972222201526
13819,7.859027777798474
13821,116.92986111110076
13822,34.84583333320916
13823,72.98611111100763
13824,68.81597222201526
13824,38.22361111128703
13824,67.80416666669771
13824,103.13819444458932
13827,9.838194444775581
13827,76.03680555522442
13831,150.84722222248092
13831,18.202777777798474
13831,61.959027777425945
13831,50.861805555876344
13831,71.27361111110076
13835,59.995833333116025
13835,102.89444444468245
13835,27.120138888712972
13837,105.99652777798474
13838,252.00277777807787
13838,0.00208333320915699
13838,112.00555555569008
13842,29.99166666669771
13842,27.12777777761221
13842,35.944444444496185
13842,45.97152777761221
13842,27.972222222480923
13842,44.07708333339542
13842,83.09375
13842,13.82986111100763
13846,117.95555555541068
13846,217.87777777807787
13848,68.79652777779847
13848,205.11180555541068
13849,119.03333333367482
13851,159.86736111110076
13851,32.93680555559695
13854,7.950694444123656
13854,28.09027777798474
13854,10.074999999720603
13854,8.069444444496185
13854,8.85486111138016
13854,13.044444444123656
13854,13.092361111193895
13854,6.898611111100763
13854,5.946527777705342
13854,17.08194444468245
13854,9.901388888712972
13854,10.145138889085501
13854,21.04027777770534
13854,5.902083333581686
13854,2.9874999998137355
13854,38.96805555559695
13854,14.959027777891606
13854,36.08333333302289
13854,14.066666666883975
13854,4.02013888861984
13854,22.911111111287028
13854,28.015277777798474
13854,13.136111110914499
13854,15.688888889271766
13856,19.813888889271766
13856,15.05416666669771
13860,34.21319444477558
13860,0.0
13860,37.96388888871297
13860,12.96875
13862,41.782638888806105
13862,58.29861111147329
13862,44.88055555522442
13862,32.94583333330229
13862,46.078472222201526
13862,35.765277777798474
13862,54.29791666660458
13865,102.83333333348855
13865,50.13888888899237
13865,78.08819444430992
13867,143.78819444449618
13867,43.14236111100763
13868,31.157638888806105
13869,44.02777777798474
13869,50.78472222201526
13869,139.13125000009313
13870,119.17847222229466
13870,0.00208333320915699
13870,33.853472222108394
13870,33.06527777807787
13870,61.19305555522442
13870,0.00069444440305233
13870,37.88333333330229
13871,34.12222222192213
13871,14.022222222294658
13871,24.984722222201526
13871,28.89722222229466
13871,44.00763888889924
13871,28.1048611109145
13871,22.044444444589317
13871,19.956250000279397
13871,38.972916666418314
13871,0.0
13871,8.118749999906868
13871,22.82361111138016
13873,90.98333333339542
13873,99.03819444449618
13875,43.81597222248092
13875,73.22222222201526
13875,50.69236111128703
13875,80.01736111100763
13880,70.76041666651145
13880,13.023611111100763
13880,45.23819444468245
13880,20.913888888433576
13880,30.90347222238779
13880,41.16388888889924
13880,0.00138888880610466
13880,57.819444444496185
13880,0.00069444440305233
13880,0.00069444440305233
13880,35.143055555876344
13880,31.02013888861984
13881,33.972916666418314
13881,35.15555555559695
13881,28.89166666660458
13881,43.93819444440305
13881,0.00069444440305233
13881,0.21527777798473835
13881,28.018749999813735
13881,34.00486111128703
13881,11.862499999813735
13881,0.00138888880610466
13881,24.02847222238779
13881,4.876388888806105
13881,13.143055555876344
13881,14.901388888712972
13881,13.240972222294658
13881,7.668055555317551
13881,6.284722222480923
13881,0.00069444440305233
13881,7.902777777519077
13882,20.892361111473292
13882,13.086805555503815
13882,18.92361111100763
13882,8.922222222201526
13883,34.805555555503815
13883,0.00069444440305233
13883,0.00069444440305233
13883,207.92083333339542
13884,5.962499999906868
13884,0.004861111287027597
13884,188.0451388885267
13884,82.10555555578321
13885,11.260416666977108
13888,98.8138888888061
13890,251.15347222192213
13890,56.81180555559695
13890,13.05416666669771
13890,5.080555555876344
13890,8.902777777519077
13890,1.2159722223877907
13890,13.89236111100763
13890,7.1375000001862645
13890,0.00486111082136631
13892,182.18125000037253
13892,11.659722222015262
13892,26.149305555503815
13894,286.86736111110076
13894,0.00069444440305233
13895,21.156944444403052
13895,76.89583333348855
13895,38.22499999962747
13899,258.17361111100763
13900,70.08194444468245
13900,9.302083333488554
13901,62.23055555578321
13901,97.91111111082137
13901,51.00763888889924
13901,35.09166666679084
13904,257.0993055556901
13908,61.930555555503815
13908,88.05694444477558
13908,47.00208333320916
13911,9.97708333330229
13911,33.84722222201526
13911,18.97777777770534
13911,30.22152777807787
13911,18.16180555522442
13911,47.62222222238779
13911,5.1395833333954215
13911,87.0923611111939
13914,24.754861110821366
13917,141.88194444449618
13918,203.76388888899237
13919,62.17291666660458
13924,27.942361110821366
13924,12.83541666669771
13924,8.24444444430992
13924,5.825694444589317
13924,15.924305555410683
13925,13.022222222294658
13925,29.004166666418314
13925,0.0
13928,26.843055555596948
13928,75.10833333339542
13928,20.822222222108394
13929,157.01041666651145
13930,78.94791666651145
13931,185.06180555559695
13933,39.01944444468245
13939,203.01597222220153
13939,85.06944444449618
13940,27.862499999813735
13940,52.14444444468245
13940,46.95833333302289
13941,75.07986111100763
13941,125.89722222229466
13941,82.09444444440305
13941,67.9048611111939
13946,66.08402777742594
13946,122.0625
13949,16.929861111100763
13949,12.049305555410683
13949,25.17361111100763
13949,15.82986111100763
13949,21.92013888899237
13950,173.14097222220153
13950,48.88958333339542
13950,13.10486111138016
13951,57.915972222108394
13951,60.140972222201526
13952,20.981250000186265
13953,77.8847222221084
13953,64.06805555569008
13953,46.15902777761221
13953,48.870138889178634
13953,63.036111110821366
13953,45.214583333581686
13954,69.08194444421679
13955,151.20486111100763
13956,28.13402777770534
13956,105.00555555522442
13956,83.9888888890855
13956,48.89166666660458
13959,81.18055555550382
13959,201.86805555596948
13960,50.11666666669771
13962,223.89305555541068
13963,28.10208333330229
13963,19.16458333330229
13963,11.956944444216788
13969,42.73680555541068
13969,55.27291666669771
13969,34.941666666883975
13969,13.987499999813735
13969,0.0034722224809229374
13969,35.02222222229466
13969,14.027083333116025
13969,27.59930555569008
13969,14.283333333209157
13969,19.969444444403052
13969,47.99236111110076
13969,16.04513888899237
13969,4.953472222201526
13969,15.973611111287028
13969,5.740972221828997
13969,8.246527777984738
13969,1.0229166666977108
13971,16.018750000279397
13971,54.99166666669771
13971,35.80624999990687
13971,69.16250000009313
13971,3.101388888899237
13971,46.84583333320916
13971,41.05902777798474
13972,131.0138888885267
13975,60.973611110821366
13975,82.10555555578321
13975,4.976388888899237
13975,96.9798611109145
13975,0.0062500000931322575
13978,30.855555555783212
13982,38.96597222238779
13982,163.0854166666977
13982,124.05069444421679
13983,40.17569444421679
13983,0.009722222108393908
13983,20.90347222238779
13983,36.93263888871297
13983,36.265277777798474
13983,44.938194444868714
13983,0.00208333320915699
13983,98.81666666641831
13983,30.11944444477558
13983,18.897222221828997
13983,9.959027777891606
13984,40.90416666679084
13984,75.88958333339542
13984,123.14513888861984
13984,99.92222222220153
13985,49.77638888871297
13985,30.22777777770534
13985,27.94305555569008
13985,28.981249999720603
13985,6.895138889085501
13985,13.15069444430992
13985,35.82083333330229
13985,13.119444444775581
13985,16.061805555596948
13985,10.138888888526708
13985,10.697916666977108
13985,4.296527777798474
13985,2.7333333333954215
13985,10.294444444123656
13988,53.913194444496185
13988,38.09097222192213
13988,89.95833333348855
13988,28.987500000279397
13988,23.98541666660458
13989,173.75555555569008
13991,68.03402777807787
13991,22.98055555531755
13991,35.97152777761221
13991,4.14166666707024
13991,0.011111110914498568
13993,41.07083333330229
13993,51.006944444496185
13993,32.990277777891606
13993,60.021527777891606
13993,44.98541666660458
13993,10.989583333022892
13993,25.2701388890855
13993,21.597916666883975
13994,42.71319444477558
13994,27.94583333330229
13994,10.21597222192213
13994,27.82083333376795
13994,35.99652777751908
13995,104.01666666707024
13995,26.0111111109145
13995,59.163194444496185
13995,41.06041666679084
13999,39.07083333330229
13999,67.8548611109145
13999,40.21111111110076
13999,35.01319444458932
13999,23.037500000093132
13999,20.774999999906868
13999,20.054861111100763
13999,19.9798611109145
13999,30.936805555596948
13999,36.07638888899237
13999,18.08472222229466
14001,140.85277777770534
14001,187.04513888899237
14002,22.038888888899237
14004,115.09444444486871
14004,46.245833333116025
14004,18.779861111193895
14004,10.061805555596948
14004,19.952777777798474
14004,35.08194444421679
14005,39.89999999990687
14005,42.07708333339542
14005,58.06180555559695
14005,66.0500000002794
14006,71.04583333339542
14006,125.72361111082137
14009,7.115972222294658
14013,130.06944444449618
14013,35.18194444430992
14016,87.85555555531755
14016,61.94930555578321
14016,46.075694444123656
14019,39.88333333376795
14019,51.89027777733281
14020,71.74305555550382
14021,44.93541666679084
14021,56.089583333116025
14023,242.92222222220153
14024,2.915972222108394
14029,80.90902777807787
14030,0.012500000186264515
14030,60.99444444430992
14030,59.81458333320916
14030,2.0888888891786337
14030,122.0951388888061
14030,31.981250000186265
14030,71.03888888889924
14031,7.0416666669771075
14031,7.929166666697711
14031,20.111805555410683
14031,12.906944444403052
14031,44.029861111193895
14031,27.006944444496185
14031,20.995138888712972
14031,0.00069444440305233
14031,22.006250000093132
14031,13.999305555596948
14031,28.01458333339542
14031,41.884722222108394
14031,52.1048611109145
14031,6.977777778171003
14031,0.00138888880610466
14031,17.998611111193895
14031,28.012499999720603
14031,14.004861111287028
14032,11.018055555410683
14032,79.93402777798474
14032,34.240277777891606
14032,34.99652777751908
14032,37.82152777770534
14032,81.1548611111939
14032,49.771527777891606
14032,15.103472222108394
14032,6.189583333209157
14032,13.957638889085501
14034,0.0062500000931322575
14034,135.0326388888061
14035,29.88402777770534
14035,160.13472222257406
14035,60.104166666511446
14035,18.762500000186265
14037,188.09583333320916
14038,63.04861111100763
14038,65.93194444477558
14040,14.845833333209157
14040,2.961111111100763
14040,74.07013888889924
14040,24.030555555596948
14040,32.046527777798474
14040,47.96319444430992
14040,17.961805555503815
14040,0.0062500000931322575
14040,23.095138888806105
14040,32.978472222108394
14040,20.947222222574055
14044,164.07847222220153
14044,42.046527777798474
14044,76.89305555541068
14045,35.88888888852671
14045,0.047916666604578495
14045,228.22638888889924
14047,35.96805555559695
14047,137.09166666679084
14047,126.1062499997206
14047,64.89930555550382
14049,116.98611111100763
14049,42.02777777798474
14049,142.0229166666977
14050,74.84305555559695
14051,6.092361111193895
14051,6.008333333302289
14051,38.99652777798474
14051,18.92013888899237
14051,9.099305555224419
14051,24.97152777807787
14051,23.147222221828997
14051,12.765277777798474
14051,13.093055555596948
14051,0.00069444440305233
14051,39.81180555559695
14051,16.10208333330229
14051,15.894444444682449
14051,28.29861111100763
14051,21.692361111287028
14051,23.181249999906868
14051,8.745138888712972
14051,15.072916666977108
14051,13.940972222015262
14051,13.320138888899237
14051,8.87222222238779
14051,7.870138888712972
14053,35.08749999990687
14056,10.03958333330229
14056,7.1145833330228925
14056,6.971527778077871
14056,6.890972222201526
14056,15.010416666511446
14056,21.038888888899237
14056,4.848611111287028
14056,8.886805555317551
14056,6.279166666790843
14056,12.985416666604578
14056,25.940972222480923
14056,15.976388888899237
14056,14.069444444030523
14056,5.987500000279397
14056,0.7965277777984738
14056,14.19305555569008
14056,23.015972222201526
14056,17.875
14056,14.13958333292976
14056,16.961111111100763
14056,19.899305555969477
14056,14.007638888899237
14057,0.06944444449618459
14057,65.89999999990687
14057,13.145138889085501
14057,0.9597222218289971
14057,40.76944444468245
14057,0.00069444440305233
14057,40.31180555559695
14057,36.90902777761221
14057,24.07916666660458
14057,22.862500000279397
14057,5.97430555569008
14057,8.924305555410683
14057,11.21041666669771
14057,22.907638888806105
14057,0.00069444440305233
14057,42.90694444440305
14060,6.020138889085501
14060,6.940972222015262
14060,26.12847222201526
14060,15.82638888899237
14060,27.08541666669771
14060,20.057638889178634
14060,29.78472222201526
14060,8.439583333209157
14060,26.785416666883975
14060,21.87222222192213
14060,38.02777777798474
14060,14.94583333330229
14060,22.27847222238779
14060,20.73333333339542
14060,8.10833333292976
14060,22.975000000093132
14060,34.02361111110076
14060,17.979166666977108
14062,9.894444444216788
14062,0.06041666679084301
14062,30.97708333330229
14062,83.05416666669771
14062,1.0069444444961846
14062,63.07569444458932
14062,31.668749999720603
14062,32.09583333367482
14062,20.94097222201526
14062,19.967361111193895
14062,62.01388888899237
14064,21.010416666977108
14064,41.96944444440305
14064,98.23680555541068
14064,83.79375000018626
14067,32.93124999990687
14071,4.079861111007631
14071,213.04513888899237
14071,5.091666666325182
14071,10.819444444496185
14071,12.07083333330229
14071,15.92013888899237
14071,0.010416666511446238
14075,241.8312500002794
14075,14.837499999906868
14077,48.924999999813735
14077,43.018749999813735
14077,103.9673611111939
14077,37.95208333339542
14078,89.05624999990687
14078,57.88263888889924
14078,13.083333333488554
14078,28.97430555522442
14078,82.97708333330229
14081,67.02083333348855
14083,17.123611111193895
14083,0.00277777761220932
14083,80.94236111128703
14083,74.05486111110076
14083,66.01388888899237
14083,6.950694444123656
14083,118.83611111110076
14083,3.11041666707024
14085,7.034027778077871
14085,9.901388888712972
14085,21.033333333209157
14085,7.129861111287028
14085,13.899999999906868
14085,34.078472222201526
14085,14.94583333330229
14085,0.9590277778916061
14085,61.163194444496185
14085,22.999305555596948
14085,33.90347222238779
14085,96.10138888889924
14085,0.00416666641831398
14085,36.02361111110076
14085,1.8208333333022892
14085,0.05972222238779068
14085,4.98888888861984
14088,132.19652777770534
14088,0.00069444440305233
14088,19.945138888899237
14088,26.95208333339542
14088,7.872222222387791
14088,6.959722222294658
14088,74.084722221829
14088,17.060416666790843
14088,15.975000000093132
14088,5.0625
14088,1.097916666418314
14088,4.924305555876344
14092,5.808333333581686
14092,30.11388888861984
14092,52.959027777891606
14092,32.896527777891606
14092,40.17847222229466
14092,25.924999999813735
14092,0.00069444440305233
14092,39.027083333581686
14092,31.875
14092,31.98541666660458
14092,44.078472222201526
14092,16.001388888806105
14092,0.00208333320915699
14096,3.205555555410683
14096,6.980555555783212
14096,3.8854166665114462
14096,8.088888888712972
14096,5.033333333209157
14096,6.770138889085501
14096,7.302083333488554
14096,6.846527777612209
14096,7.149999999906868
14096,1.8062499999068677
14096,5.070138888899237
14096,9.936111111193895
14096,4.118055555503815
14096,8.925000000279397
14096,5.09375
14096,7.057638888712972
14099,25.14791666669771
14099,33.99236111110076
14099,40.85833333339542
14099,36.191666666418314
14099,48.03125
14099,12.82083333330229
14099,37.13819444458932
14099,54.895833333488554
14099,22.02569444430992
14099,27.00833333330229
14101,31.973611111287028
14101,29.92083333339542
14101,66.98472222220153
14101,55.078472222201526
14101,69.01388888852671
14102,7.041666666511446
14102,14.887500000186265
14102,10.969444444403052
14102,6.220833333209157
14104,11.000694444403052
14107,68.1263888888061
14107,36.85138888889924
14107,39.02361111110076
14107,44.13611111138016
14107,79.93958333320916
14107,44.86944444430992
14108,70.96458333311602
14110,46.15277777798474
14110,48.92916666669771
14110,22.006250000093132
14110,30.111805555410683
14110,30.777083333116025
14110,2.2097222222946584
14110,19.79861111100763
14110,24.079861111473292
14110,6.009722222108394
14110,14.88333333330229
14110,18.143749999813735
14111,135.13541666651145
14111,10.895833333488554
14111,81.05763888871297
14112,71.96319444430992
14112,0.0006944448687136173
14112,73.06944444403052
14112,90.15347222238779
14112,0.00208333320915699
14112,17.854166666977108
14113,276.1888888888061
14113,55.759027778171
14113,19.054861111100763
14114,56.94236111128703
14116,28.879861111287028
14116,28.16249999962747
14116,33.07986111147329
14116,11.78402777761221
14121,29.997916666790843
14121,19.129861110821366
14121,6.941666666883975
14125,49.86111111100763
14125,18.018749999813735
14126,0.00069444440305233
14126,2.97430555569008
14127,53.99930555559695
14127,133.9333333335817
14128,195.04930555541068
14129,165.0451388885267
14129,0.0
14129,78.09722222248092
14129,15.953472222201526
14132,21.225694444496185
14132,11.720833333674818
14132,22.001388888806105
14132,15.04861111100763
14132,26.1048611109145
14132,26.96319444477558
14132,24.945138888899237
14132,5.120138888712972
14132,15.786111111287028
14132,12.147222221828997
14133,186.00416666688398
14133,0.00069444440305233
14135,5.090277777519077
14135,13.90347222238779
14135,0.008333333302289248
14135,16.04791666660458
14135,4.929861111100763
14135,6.079861111007631
14135,106.06180555559695
14135,34.006944444496185
14135,81.0500000002794
14135,29.86944444430992
14135,42.12291666679084
14135,1.0812499998137355
14135,23.933333333116025
14135,6.863888889085501
14138,62.129166666883975
14140,27.90625
14141,31.873611111193895
14141,14.027083333581686
14141,56.89999999990687
14145,58.99791666679084
14145,1.9541666666045785
14145,110.01250000018626
14146,102.79999999981374
14146,173.16388888889924
14146,0.00069444440305233
14146,72.80347222229466
14147,207.26944444468245
14150,324.00069444440305
14152,158.88055555569008
14154,0.019444444682449102
14156,42.09930555569008
14156,19.96875
14156,10.84652777761221
14156,1.211111111100763
14156,0.00069444440305233
14156,7.748611111193895
14156,6.249305555596948
14156,8.822916666511446
14156,0.042361111380159855
14156,0.00277777761220932
14156,0.1416666666045785
14156,4.97986111138016
14156,19.762499999720603
14156,13.060416666790843
14156,2.11944444430992
14156,16.790972222108394
14156,10.00555555569008
14156,21.230555555783212
14156,9.040972222108394
14156,0.00069444440305233
14156,6.961111111100763
14156,2.0826388890855014
14156,0.0
14156,4.790972222108394
14156,1.976388888899237
14156,13.1875
14156,4.765277777798474
14156,0.00138888880610466
14156,12.272222222294658
14156,5.0625
14156,4.999305555596948
14156,4.894444444216788
14156,1.959027777891606
14156,0.00347222201526165
14156,17.910416666883975
14156,0.9569444442167878
14156,0.009027778171002865
14156,0.00069444440305233
14156,1.0763888885267079
14156,0.004166666883975267
14156,1.1361111109144986
14156,22.65000000037253
14156,10.07083333330229
14156,2.007638888899237
14156,2.023611111100763
14156,3.0270833331160247
14156,0.00069444440305233
14156,0.9729166668839753
14156,2.9465277777053416
14156,17.121527777519077
14156,3.8777777780778706
14156,4.273611111100763
14156,0.8090277775190771
14156,14.006250000093132
14157,265.9361111111939
14159,106.04583333339542
14159,69.07152777770534
14159,17.90625
14159,20.010416666977108
14159,4.986805555410683
14159,49.00902777770534
14159,13.959722222294658
14159,29.11041666660458
14159,11.926388889085501
14159,21.02847222192213
14161,90.98194444458932
14161,62.950694444123656
14162,118.96111111110076
14163,39.89791666669771
14163,46.98819444421679
14163,65.0201388890855
14164,10.004166666418314
14167,67.99236111110076
14167,98.05069444421679
14167,125.9048611111939
14173,173.96805555559695
14173,34.94097222201526
14173,0.00138888880610466
14175,158.08819444430992
14175,111.89305555587634
14176,40.98819444421679
14176,29.061111111193895
14176,0.011111110914498568
14177,84.04722222220153
14177,0.00416666641831398
14177,9.115972222294658
14178,39.00694444403052
14178,45.07013888889924
14178,31.91458333330229
14178,26.006250000093132
14178,11.973611111287028
14178,19.993749999906868
14179,11.921527777798474
14180,10.829166666604578
14180,3.3520833333022892
14180,0.00069444440305233
14180,18.838888889178634
14180,15.030555555596948
14180,13.001388888806105
14180,5.851388888899237
14180,9.047916666604578
14180,13.898611111100763
14180,11.950000000186265
14180,16.18541666632518
14180,19.080555555876344
14180,17.95416666660458
14180,11.887499999720603
14180,20.100694444496185
14180,16.953472222201526
14180,13.061805555596948
14180,17.024305555503815
14180,15.92013888899237
14180,16.015972222201526
14180,15.04236111138016
14180,33.92083333292976
14180,28.186111111193895
14180,18.774305555503815
14188,95.84513888927177
14188,60.24374999990687
14188,44.90833333320916
14188,37.93958333320916
14188,41.020833333488554
14189,29.969444444403052
14189,20.11666666669771
14189,29.941666666883975
14189,33.20138888899237
14189,22.968055555596948
14189,31.717361110728234
14189,0.03819444449618459
14189,42.95069444458932
14189,44.225694444496185
14189,16.956249999813735
14189,52.861805555876344
14189,14.245833333116025
14189,13.015972222201526
14189,13.966666666790843
14191,20.929861111100763
14191,15.056249999906868
14191,22.185416666790843
14191,29.002083333209157
14191,11.896527777891606
14191,13.093055555596948
14191,27.790972222108394
14191,28.213888889178634
14191,14.011805555317551
14191,15.965277777984738
14191,12.141666666604578
14191,8.666666666511446
14193,201.91388888889924
14194,41.91944444458932
14194,0.00138888880610466
14194,56.10208333330229
14194,0.00069444440305233
14194,0.00069444440305233
14194,13.84375
14194,23.92291666660458
14194,0.0
14194,35.04583333339542
14194,23.07916666660458
14194,8.077777777798474
14194,19.02847222238779
14194,11.881250000093132
14194,15.827083333395422
14194,0.00069444440305233
14194,17.262499999720603
14194,0.0
14194,18.010416666977108
14194,5.818055555224419
14194,14.002083333674818
14195,50.73541666660458
14198,94.03680555569008
14198,58.81805555569008
14198,68.21527777751908
14201,125.022222221829
14201,18.84930555569008
14201,29.177083333488554
14201,37.029861111193895
14201,68.81180555559695
14201,20.11111111100763
14205,247.8249999997206
14209,72.88333333330229
14209,45.99444444430992
14209,73.07222222257406
14209,19.178472221828997
14209,110.76180555578321
14210,32.032638888806105
14210,42.98680555541068
14210,69.03888888889924
14210,29.943750000093132
14210,91.99305555550382
14211,10.738194444682449
14211,46.19583333330229
14211,3.8777777776122093
14211,26.97708333330229
14211,111.00347222248092
14211,16.206944444216788
14211,22.771527777891606
14211,4.127083333209157
14214,107.06458333367482
14214,14.043749999720603
14214,105.86944444430992
14214,19.942361111287028
14215,37.95138888899237
14215,15.02013888861984
14215,128.79930555587634
14215,109.02777777751908
14215,66.06597222248092
14216,21.106249999720603
14216,8.06527777807787
14216,4.998611111193895
14217,29.956944444216788
14217,3.920138888992369
14217,21.16527777770534
14217,46.915972222108394
14217,18.873611111193895
14217,38.26458333339542
14217,22.7076388890855
14217,29.078472222201526
14217,56.067361110821366
14217,24.99722222238779
14217,0.1493055555038154
14217,16.79513888899237
14217,17.125694444403052
14217,16.137500000186265
14217,12.78958333330229
14217,9.989583333022892
14220,110.79513888852671
14221,132.83888888871297
14221,16.22083333367482
14221,0.00069444440305233
14221,40.919444444123656
14221,0.00069444440305233
14221,36.109722222201526
14221,32.776388889178634
14221,38.05624999990687
14223,106.81527777761221
14223,65.08472222229466
14224,105.00694444449618
14224,69.98055555578321
14224,34.98888888861984
14226,58.944444444496185
14226,139.8951388890855
14226,41.018749999813735
14226,0.9736111112870276
14227,39.07291666697711
14227,9.806249999906868
14227,39.21875
14227,0.0
14227,0.00069444440305233
14227,0.00069444440305233
14227,110.86319444468245
14227,0.0
14227,59.17708333302289
14229,41.90416666679084
14229,240.01250000018626
14231,56.260416666511446
14231,48.70486111100763
14232,77.85277777770534
14232,49.25347222248092
14232,21.899305555503815
14232,72.928472221829
14233,6.915277777705342
14233,99.00277777761221
14233,162.2145833335817
14234,12.070138888899237
14234,15.002083333674818
14234,8.09097222192213
14235,33.98194444458932
14235,68.91666666651145
14235,0.00069444440305233
14235,82.15208333358169
14236,291.60000000009313
14239,31.94583333330229
14239,2.052777777425945
14239,35.77291666669771
14239,40.10416666697711
14239,5.940972222015262
14239,69.99166666669771
14239,31.06527777761221
14239,5.038194444496185
14239,23.093055555596948
14239,27.99166666669771
14240,195.08680555550382
14242,91.12013888917863
14243,8.20486111100763
14243,40.00277777761221
14243,28.92013888899237
14243,42.94513888889924
14243,69.16875000018626
14243,35.98958333302289
14243,44.96041666669771
14243,57.006944444496185
14243,29.911111111287028
14245,43.915972222108394
14246,108.13333333330229
14246,27.00902777770534
14250,82.03125
14250,0.00069444440305233
14251,40.058333333581686
14251,2.0187499998137355
14251,4.895833333488554
14251,8.850694444496185
14256,104.06458333320916
14257,133.96458333311602
14257,25.143055555410683
14257,36.09097222238779
14257,59.05486111110076
14258,38.98541666660458
14258,33.99236111110076
14258,18.99791666632518
14258,0.0006944448687136173
14258,45.89305555541068
14258,48.04305555531755
14258,62.020833333488554
14258,80.19791666651145
14261,27.970138888806105
14262,83.02083333348855
14262,50.09097222192213
14262,22.99375000037253
14262,30.750694444403052
14262,24.13124999962747
14262,11.9375
14262,9.154166666790843
14264,90.91666666651145
14265,39.18194444430992
14267,0.05138888908550143
14267,97.88680555531755
14272,180.8409722223878
14273,24.79236111138016
14273,81.2715277778916
14273,84.93333333311602
14276,109.01250000018626
14276,81.99236111110076
14277,190.85625000018626
14277,6.213888888712972
14282,101.0625
14282,39.786111110821366
14282,21.07361111138016
14282,2.1937500000931323
14282,26.847916666418314
14282,14.137500000186265
14282,45.95138888899237
14282,6.893055555410683
14282,28.161111111287028
14282,49.910416666418314
14282,9.036111111287028
14282,3.0756944441236556
14282,10.868750000372529
14282,5.198611110914499
14284,55.796527777798474
14285,100.95972222229466
14285,38.01458333339542
14285,16.118749999906868
14286,197.00694444449618
14286,22.088888888712972
14287,0.0020833336748182774
14287,190.07013888889924
14289,48.10763888899237
14289,41.98541666660458
14289,22.875694444403052
14289,41.941666666418314
14289,126.05555555596948
14290,280.1763888890855
14290,13.902083333581686
14290,11.10208333330229
14290,44.97083333320916
14291,64.77916666679084
14291,0.00069444440305233
14291,38.01180555531755
14291,0.00069444440305233
14291,0.0
14291,52.02361111110076
14291,54.03402777807787
14291,8.897222221828997
14291,56.047222222201526
14291,0.0013888892717659473
14292,78.37430555559695
14292,58.78611111128703
14292,0.00069444440305233
14292,57.02291666669771
14292,48.874305555131286
14292,0.0006944448687136173
14292,32.08194444421679
14292,0.00069444440305233
14293,63.228472222108394
14293,157.98680555541068
14293,143.99236111156642
14297,214.09305555559695
14297,9.173611111473292
14297,33.75763888889924
14298,0.00069444440305233
14298,0.00069444440305233
14298,6.004861111287028
14298,0.00138888880610466
14298,18.004861111287028
14298,17.902083333116025
14298,0.00069444440305233
14298,6.066666666883975
14298,17.006944444496185
14298,0.00277777761220932
14298,0.00069444440305233
14298,0.0020833336748182774
14298,7.070138888899237
14298,21.163194444030523
14298,0.00069444440305233
14298,0.0013888892717659473
14298,11.78958333330229
14298,21.05694444430992
14298,0.009027777705341578
14298,1.8972222222946584
14298,6.077777777798474
14298,0.00069444440305233
14298,0.00069444440305233
14298,0.8277777777984738
14298,6.027777777984738
14298,28.942361110821366
14298,0.00069444440305233
14298,0.0013888892717659473
14298,0.00138888880610466
14298,25.127083333209157
14298,23.96527777798474
14298,0.020833333022892475
14298,0.00138888880610466
14298,0.00069444440305233
14298,18.089583333581686
14298,23.992361111100763
14298,19.01736111100763
14298,0.00069444440305233
14298,2.1020833333022892
14298,5.842361111193895
14298,19.947916666977108
14298,21.92291666660458
14298,22.115277777425945
14299,28.117361111100763
14299,7.083333333488554
14299,11.975694444496185
14299,210.88194444403052
14299,29.00833333376795
14299,20.036111110821366
14299,36.99374999990687
14299,13.13611111138016
14305,21.67083333339542
14305,42.38125000009313
14306,34.11944444430992
14307,49.126388888806105
14307,104.8013888890855
14307,84.99166666669771
14307,45.99444444430992
14307,0.00069444440305233
14309,48.83263888861984
14309,13.238888889085501
14309,61.827777777798474
14309,51.28958333330229
14309,14.801388889085501
14309,74.99930555513129
14309,64.87222222238779
14309,20.157638888806105
14312,26.83541666669771
14312,37.03680555569008
14312,86.8125
14312,95.17569444468245
14312,44.85555555531755
14315,75.07152777770534
14315,36.95972222229466
14315,20.251388888806105
14315,4.739583333488554
14315,84.94097222248092
14320,126.00833333330229
14321,157.00208333320916
14321,59.92986111110076
14321,42.97708333330229
14321,63.015972222201526
14323,123.99513888871297
14329,55.94097222248092
14329,109.13819444412366
14329,55.8625000002794
14329,59.086805555503815
14329,32.05972222192213
14329,0.00069444440305233
14331,10.918750000186265
14332,81.14027777779847
14332,43.915972222108394
14334,38.748611111193895
14334,44.97083333320916
14334,41.20208333339542
14334,29.78680555569008
14334,81.1062499997206
14334,28.90625
14334,76.96249999990687
14335,80.02361111110076
14336,56.950694444123656
14336,20.96319444477558
14336,181.87222222192213
14338,35.02638888871297
14341,0.0
14341,103.05555555550382
14341,0.00069444440305233
14341,83.81388888927177
14341,1.136805555317551
14341,85.07083333330229
14341,0.00069444440305233
14342,73.03125
14342,106.10416666651145
14342,9.844444444403052
14344,0.9534722222015262
14344,9.291666666511446
14344,82.81041666679084
14344,19.01180555531755
14344,49.83680555596948
14344,69.13888888852671
14344,10.035416666883975
14346,176.82986111100763
14352,38.72152777761221
14352,77.30763888917863
14352,0.00069444440305233
14354,24.830555555876344
14356,1.7743055559694767
14359,44.99652777798474
14359,23.179861111100763
14360,27.03402777761221
14360,0.00069444440305233
14360,35.85000000009313
14364,10.959722222294658
14364,12.98888888861984
14364,0.0013888892717659473
14364,17.17083333292976
14364,5.893750000279397
14364,29.840277777519077
14364,26.06527777807787
14367,21.015972222201526
14367,15.088888888712972
14367,27.904166666790843
14367,0.016666666604578495
14367,0.00347222201526165
14367,27.909722222480923
14367,0.013888888992369175
14367,33.084027777425945
14367,13.764583333395422
14367,52.19375000009313
14367,9.924305555410683
14367,23.927083333488554
14367,20.284722222480923
14367,9.783333333209157
14367,13.04861111100763
14377,70.99583333311602
14379,251.06944444449618
14383,99.11249999981374
14383,26.120138889178634
14385,7.084027777425945
14385,7.069444444496185
14387,34.947916666511446
14387,41.97986111138016
14388,90.89027777779847
14388,78.3340277778916
14388,48.73263888852671
14388,33.08194444468245
14388,30.061111111193895
14388,55.97499999962747
14388,25.029166666790843
14389,125.134027778171
14390,133.05555555550382
14390,28.156944444403052
14390,66.85555555531755
14390,87.97291666688398
14390,18.975000000093132
14390,16.029166666790843
14390,11.030555555131286
14390,0.0020833336748182774
14395,37.88055555569008
14395,63.81527777761221
14395,24.300000000279397
14395,23.77222222229466
14395,44.98611111100763
14395,99.01388888899237
14395,18.197916666511446
14395,57.88055555569008
14396,306.03472222201526
14397,15.09375
14397,18.02777777798474
14397,8.756944444496185
14397,22.086111111100763
14397,4.964583333116025
14397,6.154861111193895
14397,11.17013888899237
14397,17.6986111109145
14397,15.930555555503815
14397,14.0
14397,20.032638888806105
14397,3.136805555783212
14397,14.077083333395422
14397,13.01736111100763
14397,6.943750000093132
14397,10.912500000093132
14397,5.932638888712972
14397,2.9368055555969477
14401,44.28194444440305
14401,132.9569444442168
14401,12.938194444403052
14401,7.129166666883975
14401,19.824999999720603
14401,13.97152777807787
14401,16.052083333022892
14401,5.088194444775581
14401,11.870833333116025
14401,15.134722222108394
14401,41.938888889271766
14401,33.99513888871297
14403,30.100694444496185
14403,75.85902777779847
14403,10.980555555317551
14404,41.984722222201526
14404,67.7687500002794
14404,90.1048611109145
14404,60.944444444496185
14404,75.0513888890855
14407,71.02013888861984
14407,64.05972222238779
14407,7.787500000093132
14407,18.086111111100763
14407,8.131944444496185
14408,25.856944444589317
14408,48.958333333488554
14408,18.154861110728234
14408,40.89236111147329
14408,36.004166666418314
14408,84.00833333330229
14409,0.0020833336748182774
14409,49.84166666632518
14409,168.97291666688398
14409,27.00902777770534
14409,51.30972222238779
14410,49.109027777798474
14410,3.1534722223877907
14410,3.9499999997206032
14410,42.92013888899237
14410,0.00138888880610466
14410,65.10208333330229
14410,48.986805555876344
14410,0.0076388888992369175
14412,30.081249999813735
14414,222.10694444412366
14414,4.991666666697711
14414,16.85763888899237
14414,5.115972222294658
14414,10.05416666669771
14414,7.913888888899237
14415,35.08749999990687
14415,20.980555555783212
14415,70.02083333302289
14415,36.01041666697711
14415,15.967361111193895
14415,21.094444444403052
14415,37.80069444421679
14415,25.13888888899237
14415,37.010416666511446
14415,18.850694444496185
14415,23.13611111138016
14415,17.9486111109145
14416,20.00833333330229
14418,82.85902777779847
14418,21.905555555596948
14419,112.03541666688398
14419,178.98611111100763
14419,13.002083333209157
14419,21.999305555596948
14419,27.995138889178634
14421,154.1076388885267
14422,96.90347222238779
14422,99.82013888889924
14422,17.1875
14422,35.98680555541068
14422,16.85208333330229
14426,0.00277777761220932
14426,36.22361111128703
14426,97.8847222221084
14426,37.97500000009313
14426,0.00069444440305233
14426,102.02638888871297
14426,6.1083333333954215
14426,8.71875
14426,0.16666666651144624
14427,13.217361111193895
14428,85.71111111110076
14428,160.21319444430992
14428,43.069444444496185
14428,28.86597222229466
14432,21.069444444496185
14432,20.986111111473292
14432,8.899305555503815
14432,12.137499999720603
14432,16.654166666790843
14434,6.894444444216788
14434,5.115277777891606
14434,8.790277777705342
14434,14.065972222480923
14434,15.859722222201526
14440,48.90347222238779
14440,244.09444444440305
14440,30.13055555569008
14440,33.99166666669771
14441,160.90555555559695
14441,51.19583333330229
14441,42.77777777798474
14442,112.08541666669771
14443,58.17083333339542
14443,171.8548611109145
14443,84.9375
14446,166.01736111100763
14446,51.97708333330229
14446,27.980555555783212
14447,84.15277777751908
14447,145.8951388890855
14447,0.00138888880610466
14447,31.85277777770534
14448,354.85000000009313
14449,125.92152777779847
14449,182.05069444468245
14449,45.94236111128703
14450,77.04583333339542
14450,62.907638888806105
14451,134.04375000018626
14452,83.02361111110076
14456,0.00277777761220932
14456,11.07638888899237
14456,42.01666666660458
14456,15.894444444682449
14456,33.00069444440305
14456,10.959722222294658
14456,7.224305555224419
14456,16.861805555876344
14460,139.03125
14460,61.06874999962747
14461,83.04166666697711
14461,30.163888888899237
14462,31.03125
14462,0.011805555783212185
14462,41.08333333302289
14462,0.016666666604578495
14462,53.99236111110076
14462,27.781944444403052
14462,40.109722222201526
14462,24.856250000186265
14462,36.297222222201526
14462,17.95138888899237
14463,34.82569444458932
14463,72.20069444458932
14465,56.01111111138016
14465,0.00624999962747097
14466,63.84722222201526
14466,28.09027777798474
14466,93.15347222192213
14466,71.70277777779847
14466,42.17013888899237
14466,44.05763888871297
14467,266.0583333335817
14467,21.94027777761221
14467,7.010416666511446
14470,275.94097222201526
14472,20.896527777891606
14472,49.046527777798474
14472,27.975694444496185
14472,70.02638888871297
14472,34.98541666660458
14472,20.989583333488554
14472,27.953472222201526
14473,208.0513888890855
14475,118.12083333358169
14475,114.90277777751908
14477,112.90902777761221
14477,133.95000000018626
14477,30.95138888899237
14479,111.83888888917863
14481,122.86458333348855
14482,140.00208333320916
14482,53.978472222108394
14482,11.82916666707024
14482,3.125
14482,11.921527777798474
14487,279.0201388890855
14487,6.916666666511446
14487,0.03402777807787061
14487,41.990972221829
14487,13.993055555969477
14491,197.1333333333023
14493,108.72777777770534
14493,16.143749999813735
14493,13.85208333330229
14493,9.245138889178634
14495,70.92708333302289
14496,61.72638888889924
14498,175.12847222248092
14498,36.89722222229466
14498,33.08611111110076
14498,73.9159722221084
14499,144.99583333311602
14499,107.04999999981374
14500,77.28750000009313
14500,23.988194444216788
14501,136.05486111110076
14502,20.999305555596948
14502,20.86666666623205
14502,36.20138888899237
14502,0.0020833336748182774
14502,0.7847222220152617
14502,85.03611111128703
14502,81.07083333330229
14502,34.984027777798474
14502,0.008333333302289248
14502,13.878472222015262
14503,108.2076388890855
14503,50.853472222108394
14503,9.032638888806105
14503,3.10486111138016
14503,3.947222222108394
14504,18.92847222229466
14504,16.129166666418314
14504,195.99930555559695
14505,24.992361111100763
14505,68.98749999981374
14505,54.88055555569008
14505,9.029166666325182
14505,95.04375000018626
14505,71.0111111109145
14505,21.035416666883975
14506,85.93124999990687
14506,121.27847222238779
14506,95.80208333302289
14506,48.93055555596948
14507,0.00138888880610466
14507,60.87013888871297
14507,114.04027777770534
14507,60.91805555578321
14507,16.96041666669771
14508,67.34652777807787
14511,41.05069444468245
14511,26.844444444403052
14511,32.20555555541068
14511,22.10208333330229
14512,44.731944444123656
14513,82.11458333348855
14513,105.96111111110076
14514,129.99236111110076
14514,140.03750000009313
14515,27.02847222238779
14515,124.98888888861984
14515,43.96319444477558
14515,0.00208333320915699
14515,4.992361111100763
14517,108.10972222220153
14520,289.0215277778916
14522,105.98472222220153
14522,20.748611111193895
14522,47.157638888806105
14524,79.06944444449618
14524,44.99722222192213
14524,0.011111111380159855
14524,57.99513888871297
14524,106.97916666651145
14524,0.012500000186264515
14524,0.00347222201526165
14524,39.99305555596948
14525,34.82013888889924
14525,73.22777777770534
14525,17.754861111287028
14525,49.984722222201526
14525,65.2090277778916
14525,19.870138888712972
14525,57.05624999990687
14525,23.825000000186265
14527,3.96875
14527,5.998611111193895
14527,5.028472221922129
14527,15.964583333581686
14527,5.011111110914499
14527,8.966666666790843
14527,6.010416666511446
14527,6.0104166669771075
14527,8.001388888806105
14527,6.980555555317551
14527,0.004166666883975267
14527,9.001388888806105
14527,4.059027777984738
14527,8.954166666604578
14527,5.993749999906868
14527,9.015277777798474
14527,6.9833333333954215
14527,7.247916666325182
14527,7.893055555876344
14527,4.871527777519077
14527,6.9854166666045785
14527,12.024305555969477
14527,4.017361111007631
14527,4.963888888712972
14527,6.000694444403052
14527,15.004861111287028
14527,7.023611111100763
14527,6.984027777798474
14527,7.072916666511446
14527,7.9375
14527,6.987500000279397
14527,6.995833333116025
14527,6.010416666511446
14527,1.06805555569008
14527,5.927083333488554
14527,6.163888888899237
14527,5.819444444496185
14527,9.00277777761221
14527,9.018055555410683
14527,9.988194444682449
14527,9.018055555410683
14527,7.984027777798474
14527,7.008333333302289
14527,7.017361111007631
14527,6.965972222387791
14527,5.013194444589317
14527,6.064583333209157
14527,6.953472222201526
14527,3.9777777777053416
14527,5.003472222480923
14527,6.98333333292976
14527,3.9972222223877907
14527,4.0166666666045785
14527,5.995833333581686
14529,32.984722222201526
14529,17.06874999962747
14530,34.0124999997206
14530,77.14236111100763
14530,56.90416666679084
14530,35.029861111193895
14530,67.9048611111939
14532,38.86041666660458
14532,27.98263888899237
14532,49.12708333320916
14533,240.04097222257406
14533,23.14513888861984
14533,20.86597222229466
14533,4.09930555569008
14533,4.102777777705342
14533,35.786111110821366
14534,12.94583333330229
14534,8.072916666511446
14534,21.92013888899237
14534,6.051388889085501
14534,22.13333333330229
14534,33.97638888889924
14534,13.879861110821366
14534,13.012500000186265
14534,17.075694444589317
14534,15.072916666511446
14534,18.967361111193895
14534,15.842361111193895
14534,24.04027777770534
14534,30.02013888861984
14534,41.927777777891606
14534,6.013194444589317
14534,15.038194444496185
14535,121.09305555559695
14535,67.02430555550382
14538,191.8152777776122
14539,28.907638888806105
14540,233.89722222229466
14540,65.90347222238779
14541,3.065972222480923
14541,28.788194444030523
14541,0.19513888889923692
14541,44.86805555596948
14541,28.21319444430992
14541,45.71319444430992
14541,109.98402777779847
14543,45.993055555503815
14543,22.124305555596948
14543,27.918750000186265
14543,0.00069444440305233
14543,15.094444444403052
14543,0.8215277777053416
14543,38.13611111138016
14543,24.10208333330229
14543,7.831944444216788
14543,11.050694444682449
14543,44.19513888889924
14543,18.75555555522442
14543,34.91666666697711
14543,43.131944444496185
14543,1.9645833331160247
14544,337.0944444448687
14546,46.96111111110076
14546,124.0625
14546,36.941666666883975
14546,35.05069444421679
14547,21.00277777761221
14547,6.908333333209157
14547,7.081250000279397
14547,2.83263888861984
14547,4.143055555876344
14547,7.965277777519077
14547,0.9215277777984738
14548,167.1534722223878
14550,33.998611111193895
14551,185.80208333348855
14553,120.81111111072823
14553,185.10000000009313
14553,0.023611111100763083
14553,13.968055555596948
14554,29.01458333339542
14554,6.159722222015262
14554,6.978472222108394
14555,244.96180555550382
14560,41.11874999990687
14560,7.958333333488554
14560,6.093055555596948
14560,19.072916666511446
14560,6.90625
14560,11.912500000093132
14560,4.120833333116025
14560,64.09375
14560,34.052777777891606
14560,27.751388888806105
14560,25.060416666790843
14560,0.00069444440305233
14560,11.12777777761221
14560,3.7756944447755814
14560,31.07430555531755
14560,19.97777777770534
14560,0.0034722224809229374
14560,12.057638888712972
14560,2.190972222480923
14560,12.659722222015262
14560,9.240972222294658
14561,22.01180555531755
14561,86.95555555541068
14562,15.018055555410683
14562,57.197222222108394
14562,49.0
14562,34.649305555503815
14562,21.35486111138016
14562,34.99791666632518
14562,5.725694444496185
14562,3.8833333333022892
14562,4.388194444589317
14562,23.75902777770534
14562,4.904166666790843
14562,11.115277777891606
14562,8.843055555596948
14562,5.197222222108394
14562,12.962499999906868
14562,7.834722222294658
14562,0.016666666604578495
14565,155.98888888861984
14565,92.1125000002794
14565,17.719444444403052
14567,73.8562499997206
14570,0.013194444123655558
14572,55.96875
14572,13.99722222192213
14572,106.98055555578321
14572,36.90277777751908
14572,70.01250000018626
14572,37.02499999990687
14573,84.89305555541068
14573,5.7374999998137355
14573,24.193750000093132
14573,44.865277777891606
14573,11.972222222015262
14573,0.015972222201526165
14573,17.967361111193895
14573,2.9909722222946584
14577,130.00347222201526
14577,69.01041666697711
14577,151.0423611109145
14583,20.054861111100763
14583,19.986805555410683
14583,21.017361111473292
14583,138.98541666660458
14584,0.9576388890855014
14584,14.14791666669771
14584,13.9375
14587,19.984722222201526
14587,7.023611111100763
14587,31.032638888806105
14587,13.895138889085501
14587,12.072222222108394
14587,34.03750000009313
14587,28.990972221828997
14587,165.8923611114733
14591,197.9888888890855
14591,0.00208333320915699
14591,0.00069444440305233
14592,7.868055555503815
14592,21.067361110821366
14593,0.004861111287027597
14593,177.06041666632518
14594,365.9819444445893
14595,227.9840277773328
14595,23.95208333339542
14595,5.140277777798474
14595,31.9888888890855
14595,4.876388888806105
14597,180.02777777751908
14606,3.9270833334885538
14606,2.8722222223877907
14606,6.043055555317551
14606,0.008333333302289248
14606,2.007638888899237
14606,4.0416666669771075
14606,1.947222222108394
14606,12.928472222294658
14606,5.08819444430992
14606,2.984722222201526
14606,5.002777777612209
14606,2.1145833334885538
14606,3.976388888899237
14606,2.8756944444030523
14606,5.945138888899237
14606,0.024305555503815413
14606,2.0666666668839753
14606,3.08819444430992
14606,2.0354166668839753
14606,5.970833333209157
14606,2.8861111109144986
14606,1.0187500002793968
14606,2.0951388888061047
14606,2.9486111109144986
14606,3.997916666790843
14606,2.8791666668839753
14606,5.084027777425945
14606,3.017361111007631
14606,3.021527777891606
14606,2.8833333333022892
14606,5.050000000279397
14606,2.9736111108213663
14606,5.213888889178634
14606,5.887499999720603
14606,1.8701388891786337
14606,5.140277777798474
14606,0.020138888619840145
14606,2.8583333333954215
14606,4.959027777891606
14606,7.045138888992369
14606,0.9618055555038154
14606,7.0
14606,4.157638888806105
14606,3.8291666666045785
14606,5.102083333302289
14606,7.020833333488554
14606,5.019444444216788
14606,2.9076388888061047
14606,5.951388888992369
14606,2.0923611111938953
14606,4.032638888806105
14606,1.945138888899237
14606,5.934722222387791
14606,1.101388888899237
14606,6.979861110914499
14606,5.939583333674818
14606,6.004166666418314
14606,6.147916666697711
14606,2.877083333209157
14606,4.9854166666045785
14606,0.21597222238779068
14606,3.752083333209157
14606,4.058333333581686
14606,6.027777777519077
14606,6.997222222387791
14606,3.922222222201526
14606,7.002777777612209
14606,2.165277778171003
14606,4.942361110821366
14606,4.949305555783212
14606,4.018055555410683
14606,3.0166666666045785
14606,4.936111111193895
14606,2.177777777891606
14606,6.8645833330228925
14606,5.936805555596948
14606,6.0458333333954215
14606,3.909722222480923
14606,6.105555555317551
14606,5.970833333209157
14606,2.0437500001862645
14606,4.977083333302289
14606,5.071527777705342
14606,2.8812500000931323
14606,4.028472222387791
14606,4.01458333292976
14606,3.0284722223877907
14606,3.023611111100763
14606,3.8916666666045785
14606,2.1125000002793968
14606,5.955555555410683
14606,2.2722222222946584
14607,214.77083333348855
14607,0.00138888880610466
14607,0.00069444440305233
14607,0.024305555503815413
14607,0.00138888880610466
14607,0.0027777780778706074
14607,0.00138888880610466
14607,0.00347222201526165
14607,1.0687500000931323
14607,9.090277777984738
14607,17.92083333292976
14607,0.8722222223877907
14607,2.0423611109144986
14608,276.87291666679084
14608,56.285416666418314
14608,24.927083333488554
14609,118.89097222220153
14609,34.31319444440305
14609,70.82638888899237
14616,32.89236111100763
14616,41.99097222229466
14618,326.86249999981374
14618,1.211111111100763
14620,78.14444444468245
14621,171.00347222248092
14621,30.976388888899237
14621,126.1048611109145
14621,29.055555555503815
14623,48.99444444430992
14623,70.00347222248092
14623,72.81666666641831
14623,11.186805555596948
14624,1.9618055555038154
14625,164.9972222223878
14626,110.8763888888061
14626,58.02222222229466
14626,40.989583333488554
14628,151.0104166669771
14629,43.02916666679084
14631,63.30416666669771
14631,184.7694444442168
14636,232.2638888885267
14639,69.9798611109145
14639,171.01250000018626
14639,0.00138888880610466
14639,68.05833333311602
14639,0.0006944448687136173
14640,57.131944444496185
14640,22.831249999813735
14640,20.0
14640,68.14722222229466
14640,34.91458333330229
14643,187.8666666666977
14644,230.7611111109145
14645,118.97430555522442
14646,1.2055555554106832
14646,23.888194444589317
14646,5.006944444496185
14646,0.8888888889923692
14646,1.0583333331160247
14646,17.932638889178634
14646,13.032638888806105
14646,0.00277777761220932
14646,1.2173611111938953
14646,30.867361111100763
14646,3.9375
14646,0.0069444444961845875
14646,0.9111111112870276
14646,6.079861111007631
14646,0.00138888880610466
14646,22.916666666511446
14646,13.231944444589317
14646,0.00069444440305233
14646,0.8138888888061047
14646,0.00208333320915699
14646,0.0013888892717659473
14646,6.128472222015262
14646,6.957638889085501
14646,1.125
14646,5.749305555596948
14646,0.04583333292976022
14646,18.030555555596948
14646,0.9479166669771075
14646,7.952777777798474
14646,0.00347222201526165
14646,0.10555555578321218
14646,22.061805555596948
14646,20.040972222108394
14646,0.00069444440305233
14646,2.097916666418314
14646,0.8500000000931323
14646,11.054861111100763
14646,3.015277777798474
14646,0.00208333320915699
14646,12.879861111287028
14646,0.00069444440305233
14646,5.013194444589317
14646,5.999305555596948
14646,0.00555555522441864
14646,2.9930555559694767
14646,13.893055555410683
14646,0.00069444440305233
14646,0.0576388887129724
14646,14.061805555596948
14646,0.014583333395421505
14646,0.00138888880610466
14646,0.8430555555969477
14646,0.25069444440305233
14646,0.00069444440305233
14646,5.893750000279397
14646,0.00138888880610466
14646,0.00069444440305233
14646,6.0812499998137355
14646,0.0006944448687136173
14646,0.00208333320915699
14646,7.846527777612209
14646,0.00069444440305233
14646,0.28750000009313226
14646,5.759722222108394
14646,2.1020833333022892
14646,3.98541666707024
14646,0.8826388884335756
14646,0.004166666883975267
14646,0.00138888880610466
14646,14.17361111100763
14646,0.0020833336748182774
14646,0.8701388887129724
14649,0.00347222201526165
14649,140.0416666669771
14649,67.86666666669771
14651,143.97430555569008
14653,271.05486111110076
14653,26.952777777798474
14653,7.977083333302289
14653,22.870833333116025
14653,0.0013888892717659473
14653,8.146527777425945
14655,151.71875
14655,48.09027777751908
14655,14.25277777807787
14656,114.02222222229466
14657,44.04027777770534
14657,127.15069444430992
14657,137.70347222220153
14658,111.99513888871297
14659,17.973611110821366
14659,33.97986111138016
14659,46.01319444458932
14659,30.14166666660458
14659,41.88333333330229
14659,67.0097222221084
14659,42.9173611109145
14659,27.063194444868714
14660,14.037500000093132
14662,40.77777777798474
14662,41.00347222201526
14662,205.99097222229466
14664,13.83541666669771
14665,14.058333333116025
14665,0.00138888880610466
14665,207.03611111128703
14665,28.908333333209157
14667,3.0458333333954215
14667,0.875
14667,0.08888888917863369
14667,3.8798611108213663
14667,34.11875000037253
14667,34.01458333292976
14667,17.93402777798474
14667,27.97152777761221
14667,24.046527777798474
14667,8.018055555876344
14667,35.02013888861984
14667,7.143055555410683
14667,0.7743055559694767
14667,27.06041666632518
14667,17.15000000037253
14667,13.881944444030523
14667,18.947222222574055
14667,20.06041666632518
14667,36.03750000009313
14667,6.997916666790843
14667,0.00069444440305233
14667,5.993749999906868
14667,3.988194444682449
14667,10.879861110821366
14669,0.0076388888992369175
14669,90.959722221829
14670,0.010416666977107525
14672,101.7715277778916
14673,329.97638888889924
14673,14.204861111473292
14673,13.80972222192213
14673,6.079861111007631
14676,73.1048611109145
14676,2.9381944444030523
14676,59.84861111128703
14676,68.91805555578321
14676,47.15069444430992
14680,11.051388889085501
14680,22.956249999813735
14680,19.010416666977108
14680,23.97430555522442
14680,39.07916666707024
14680,2.967361110728234
14680,38.96527777798474
14680,14.996527777984738
14680,19.94652777770534
14680,24.109027777798474
14680,18.99444444430992
14680,13.868055555503815
14680,26.236805555410683
14680,23.862500000279397
14680,46.186111111193895
14681,140.1152777778916
14681,0.09791666688397527
14682,13.972916666418314
14684,147.0097222221084
14684,133.92083333339542
14684,41.106250000186265
14684,14.913888888899237
14688,48.00486111128703
14688,13.109027777798474
14688,7.962499999906868
14688,14.004166666883975
14688,7.019444444216788
14688,19.99166666669771
14688,14.007638888899237
14688,36.00555555569008
14688,14.993055555503815
14688,18.9486111109145
14688,15.043055555783212
14688,13.987499999813735
14688,8.959722222294658
14688,12.136111110914499
14688,36.9375
14688,21.975694444496185
14688,18.02569444477558
14688,12.84097222192213
14688,32.163194444496185
14688,0.00138888880610466
14690,107.15347222192213
14691,116.05694444430992
14691,25.091666666790843
14691,0.00069444440305233
14691,40.958333333488554
14692,22.97777777770534
14692,64.08263888861984
14692,97.99583333358169
14696,47.85555555578321
14696,83.06527777761221
14696,54.99236111110076
14696,67.96180555550382
14696,48.10208333330229
14696,66.94375000009313
14697,0.0069444440305233
14698,3.9736111108213663
14698,21.086111111100763
14698,10.868055555969477
14698,14.052777777425945
14700,48.94652777770534
14700,157.11180555541068
14701,18.958333333022892
14701,18.999305555596948
14701,11.981944444589317
14701,19.15902777761221
14701,74.85486111138016
14701,0.00208333320915699
14701,162.04027777770534
14701,0.00277777761220932
14702,27.959027777891606
14702,2.824305555783212
14702,18.223611110821366
14702,20.99166666669771
14702,13.997916666790843
14702,119.02777777751908
14702,6.972222222480923
14702,38.674999999813735
14702,38.33541666669771
14702,13.995833333581686
14702,9.71041666669771
14702,15.02291666669771
14702,6.955555555410683
14702,13.993749999906868
14702,10.321527777705342
14702,6.997222222387791
14704,37.91805555531755
14704,61.05972222238779
14704,30.021527777425945
14704,4.097916666883975
14704,7.936805555596948
14704,16.915972222108394
14704,2.9812500001862645
14704,8.021527777891606
14708,214.15625
14708,151.67569444468245
14709,41.941666666883975
14709,39.879861110821366
14709,61.09930555569008
14709,27.993749999906868
14709,37.92916666669771
14709,19.2076388890855
14709,18.02222222229466
14709,18.86944444430992
14709,22.180555555503815
14709,40.65277777798474
14709,0.00208333320915699
14709,15.303472222294658
14710,18.97222222201526
14710,20.981250000186265
14710,5.090972221922129
14711,12.965277777984738
14711,16.970833333209157
14711,12.200694444589317
14711,18.885416666511446
14711,15.962499999906868
14711,23.1875
14711,52.91805555578321
14711,17.916666666511446
14711,66.98402777779847
14711,14.068750000093132
14712,37.05902777798474
14712,45.9173611109145
14713,7.0166666666045785
14713,34.995833333581686
14713,48.691666666418314
14713,6.940277778077871
14713,49.291666666511446
14713,31.91527777770534
14713,59.13888888899237
14713,28.018749999813735
14713,69.91805555578321
14713,19.967361111193895
14715,32.99444444430992
14715,203.94652777770534
14715,70.00555555569008
14716,105.19930555531755
14719,69.94097222248092
14719,118.98749999981374
14719,50.012500000186265
14719,8.993749999906868
14720,37.07638888852671
14720,83.92083333339542
14723,0.0055555556900799274
14723,13.203472222201526
14723,317.8291666666046
14723,3.9972222223877907
14723,26.009722222108394
14730,20.00208333367482
14730,23.915972222108394
14730,54.06458333320916
14730,71.0298611111939
14730,42.02777777798474
14730,0.0
14730,64.03611111082137
14731,6.913888888899237
14731,158.20277777779847
14732,55.88541666697711
14732,62.88194444403052
14732,34.12430555559695
14732,42.8937500002794
14732,55.248611111193895
14732,57.7937499997206
14732,22.168055555783212
14733,6.177777777891606
14733,6.899305555503815
14733,22.061805555596948
14733,15.077083333395422
14733,14.733333333395422
14733,32.11180555541068
14733,66.08194444468245
14733,33.92916666669771
14733,25.97777777770534
14733,33.96875
14733,94.15416666632518
14735,34.87222222192213
14735,0.0006944448687136173
14735,0.0
14735,13.134027777705342
14735,40.96944444440305
14735,0.00138888880610466
14735,7.040972222108394
14735,29.898611111100763
14735,0.00069444440305233
14735,7.034027778077871
14735,20.731249999720603
14735,0.00138888880610466
14735,0.0006944448687136173
14735,0.00069444440305233
14735,8.17638888861984
14735,0.00069444440305233
14735,19.97430555569008
14735,42.96666666679084
14735,0.00138888880610466
14735,0.00138888880610466
14735,23.097916666883975
14735,11.122916666325182
14735,13.838888889178634
14735,3.9444444444961846
14735,0.0
14735,55.99374999990687
14735,0.00069444440305233
14735,2.8861111109144986
14735,6.216666666790843
14735,4.943750000093132
14735,7.984027777798474
14737,224.84375
14737,125.00833333330229
14738,74.98958333302289
14738,29.990277777891606
14738,12.15069444430992
14738,65.71944444440305
14738,69.21666666679084
14738,21.71527777798474
14739,28.938194444403052
14739,118.93680555559695
14739,125.09097222192213
14739,28.82361111138016
14739,46.02916666679084
14739,15.261805555317551
14740,58.061111111193895
14740,28.343055555596948
14741,11.125694444868714
14741,197.10833333292976
14741,50.955555555876344
14741,59.12222222192213
14741,42.691666666883975
14744,46.96319444430992
14744,7.165972222574055
14744,0.09027777751907706
14744,14.830555555876344
14744,237.9104166664183
14744,43.1437500002794
14745,100.7090277778916
14745,43.259722222108394
14745,0.00069444440305233
14745,28.808333333581686
14748,0.00347222201526165
14748,156.20277777779847
14748,88.88333333330229
14748,94.25347222248092
14754,250.98611111100763
14755,37.96666666679084
14755,39.80972222192213
14755,49.17986111110076
14755,31.103472222108394
14755,34.01111111138016
14755,29.87847222201526
14755,38.97152777807787
14755,33.06319444440305
14755,15.147222222294658
14755,15.759027777705342
14758,34.1361111109145
14758,19.861805555876344
14758,60.84305555559695
14759,119.91805555578321
14759,108.12916666641831
14761,276.004861111287
14765,63.80347222229466
14765,83.19930555531755
14766,109.91319444449618
14766,42.92013888899237
14766,45.143749999813735
14766,87.78125
14766,72.26388888899237
14768,109.9784722221084
14769,32.96944444440305
14769,60.109027777798474
14769,62.97777777770534
14769,59.88125000009313
14769,33.22500000009313
14769,25.998611111193895
14769,79.78611111082137
14770,90.97291666688398
14775,234.8152777776122
14775,79.13541666651145
14776,78.96875
14776,15.25277777761221
14776,42.75208333320916
14776,0.0006944448687136173
14776,3.9354166663251817
14776,27.25208333367482
14776,38.88402777770534
14776,53.01458333339542
14776,1.0340277776122093
14776,0.00069444440305233
14778,181.15277777798474
14779,1.025000000372529
14779,42.001388888806105
14780,24.896527777891606
14784,297.17013888899237
14785,4.986805555410683
14788,19.05138888861984
14790,134.01805555541068
14790,90.99722222238779
14790,11.886805555317551
14794,72.97847222257406
14794,7.747222221922129
14794,50.095138888806105
14794,172.97013888927177
14794,20.90972222201526
14794,7.049305555410683
14796,4.993749999906868
14796,41.972916666883975
14796,18.023611111100763
14796,9.980555555317551
14796,10.99166666669771
14796,21.052083333488554
14796,20.963888888712972
14796,21.000694444403052
14796,45.18472222238779
14796,20.97777777770534
14796,13.995138888712972
14796,29.86666666669771
14796,12.997916666790843
14796,38.01805555541068
14796,34.09861111128703
14796,21.084027777891606
14798,165.96805555559695
14798,91.84583333320916
14800,6.984722222201526
14800,28.027083333116025
14800,62.972916666883975
14800,49.015277777798474
14800,2.0368055552244186
14800,29.089583333581686
14800,52.84166666632518
14800,29.08472222229466
14800,34.01319444458932
14800,15.928472222294658
14800,12.072222222108394
14803,16.95208333339542
14803,113.0736111109145
14805,260.15625
14805,33.84930555569008
14805,4.228472222108394
14808,5.998611111193895
14808,0.00208333320915699
14808,13.964583333116025
14808,0.0027777780778706074
14808,8.05972222192213
14808,69.90694444440305
14808,35.04305555578321
14810,34.96666666632518
14810,27.99375000037253
14810,21.02569444430992
14810,13.979166666511446
14810,17.088888889178634
14810,14.061111110728234
14810,41.87847222248092
14810,52.964583333116025
14810,41.995833333581686
14810,63.01180555531755
14813,0.0020833336748182774
14815,31.0
14817,76.98888888861984
14818,84.07291666697711
14818,95.86666666669771
14819,127.99374999990687
14820,97.93611111072823
14820,41.89236111147329
14820,12.202777777798474
14823,0.05208333348855376
14823,13.964583333116025
14824,18.044444444123656
14824,39.99444444477558
14824,22.96666666632518
14825,9.925694444216788
14825,61.18124999990687
14825,21.788888888899237
14825,71.28888888889924
14825,35.03958333330229
14825,41.72430555569008
14825,38.14791666669771
14825,26.03402777761221
14825,40.01944444468245
14825,7.750694444403052
14825,12.063194444403052
14828,82.23680555587634
14828,57.78125
14829,11.734722222201526
14829,176.19375000009313
14829,155.0743055557832
14834,119.98333333339542
14834,48.842361111193895
14834,13.111805555410683
14834,35.902083333116025
14834,4.972916666883975
14836,2.1104166666045785
14836,18.027777777519077
14837,34.95694444468245
14837,61.05069444421679
14837,15.915277777705342
14841,70.01527777779847
14841,14.109722222201526
14841,95.06041666679084
14841,119.78194444440305
14841,6.223611110821366
14842,116.71249999990687
14842,96.24444444430992
14842,51.921527777798474
14844,64.84583333320916
14844,53.17083333339542
14844,59.87986111128703
14849,0.0
14849,0.00069444440305233
14849,14.966666666790843
14849,0.0
14849,40.041666666511446
14849,20.884722222108394
14849,0.00069444440305233
14849,49.01180555578321
14849,35.1138888890855
14849,37.17569444421679
14849,0.00069444440305233
14849,35.05694444430992
14849,21.694444444496185
14849,0.00138888880610466
14849,24.157638889271766
14849,0.00069444440305233
14849,30.85208333330229
14849,0.0
14849,28.054861111100763
14849,0.00208333320915699
14849,0.00069444440305233
14849,0.00138888880610466
14849,14.922222222201526
14849,0.00069444440305233
14851,232.9729166664183
14852,74.8000000002794
14852,0.00138888880610466
14852,37.058333333116025
14852,44.16388888889924
14852,37.97500000009313
14853,187.06874999962747
14854,22.1048611109145
14854,24.90000000037253
14854,57.89166666660458
14854,5.211805555503815
14854,31.029166666790843
14854,55.055555555503815
14855,15.080555555410683
14856,20.216666666790843
14856,0.00416666641831398
14857,88.76388888899237
14859,123.94236111128703
14859,67.91388888889924
14859,0.00208333320915699
14862,122.94513888889924
14865,364.9180555557832
14866,224.96944444440305
14866,5.073611110914499
14866,30.825000000186265
14866,24.943750000093132
14866,21.160416666418314
14866,8.899305555503815
14866,6.13055555569008
14866,5.859027777798474
14866,0.00069444440305233
14866,22.940972222480923
14866,5.063194444403052
14867,117.65555555559695
14867,33.13958333339542
14868,71.87708333320916
14868,0.00069444440305233
14868,41.177083333488554
14868,48.82638888852671
14868,38.213888889178634
14868,11.949305555317551
14868,18.006250000093132
14869,94.85208333330229
14871,105.04444444412366
14871,76.9875000002794
14871,175.02638888871297
14875,155.0187500002794
14878,65.99305555550382
14878,35.055555555503815
14878,55.936111111193895
14878,20.984027777798474
14878,6.991666666697711
14878,91.04861111100763
14878,46.09930555569008
14878,23.85277777770534
14880,103.04166666697711
14880,108.01041666651145
14882,7.105555555317551
14883,47.98819444468245
14883,90.22638888889924
14883,0.0
14883,33.85763888899237
14883,20.951388888526708
14891,39.29861111147329
14893,2.0708333333022892
14895,40.956249999813735
14895,44.887500000186265
14895,22.19652777770534
14895,0.00138888880610466
14895,37.035416666883975
14895,0.00069444440305233
14895,0.0055555556900799274
14895,35.02847222192213
14895,0.00069444440305233
14895,18.97152777807787
14895,0.00069444440305233
14895,0.00069444440305233
14895,44.97083333320916
14895,6.0104166669771075
14895,0.00069444440305233
14895,10.822222222108394
14895,21.95138888899237
14895,0.00208333320915699
14895,0.00069444440305233
14896,160.91388888889924
14897,208.31180555559695
14897,35.74166666669771
14897,45.02638888871297
14898,44.94027777807787
14898,23.93194444430992
14898,62.05624999990687
14898,106.01458333339542
14898,111.03541666641831
14901,5.976388888899237
14901,6.029861111193895
14901,238.06527777807787
14901,20.956249999813735
14901,13.176388889085501
14901,14.785416666418314
14901,41.989583333488554
14901,20.263194444123656
14903,32.03125
14903,46.02916666679084
14903,75.97569444449618
14903,103.14236111100763
14904,23.154166666790843
14905,76.07847222220153
14907,7.034027777612209
14907,0.00069444440305233
14907,212.97430555569008
14907,48.259722222108394
14907,70.8638888890855
14907,25.03402777761221
14910,23.043750000186265
14910,6.209027777891606
14910,22.705555555410683
14911,0.0
14911,1.1027777777053416
14911,0.8965277778916061
14911,2.9416666668839753
14911,0.018055555410683155
14911,0.018055555410683155
14911,2.9479166669771075
14911,1.0111111109144986
14911,6.279861111193895
14911,2.797222222201526
14911,1.972916666418314
14911,2.050694444682449
14911,17.04791666660458
14911,8.760416666511446
14911,2.091666666790843
14911,4.097222222015262
14911,1.8993055559694767
14911,0.9263888886198401
14911,4.908333333209157
14911,3.0833333334885538
14911,13.020833333488554
14911,1.0243055555038154
14911,14.024999999906868
14911,0.07638888899236917
14911,6.845138888806105
14911,0.00208333320915699
14911,3.078472222201526
14911,0.009027777705341578
14911,0.1131944446824491
14911,0.8319444442167878
14911,2.1625000000931323
14911,0.7597222225740552
14911,2.107638888526708
14911,4.203472222201526
14911,0.8048611111007631
14911,2.825694444589317
14911,3.1354166665114462
14911,1.1506944447755814
14911,2.947222222108394
14911,1.992361111100763
14911,0.8854166665114462
14911,0.047222222201526165
14911,4.027083333581686
14911,0.13541666651144624
14911,15.768750000279397
14911,6.088888888712972
14911,0.00138888880610466
14911,1.976388888899237
14911,2.9993055555969477
14911,7.189583333209157
14911,0.8819444444961846
14911,0.06388888880610466
14911,1.9624999999068677
14911,1.1423611114732921
14911,0.017361111007630825
14911,0.6937500000931323
14911,3.0048611108213663
14911,3.0458333333954215
14911,0.00208333320915699
14911,0.020138889085501432
14911,12.083333333488554
14911,0.8562499997206032
14911,0.13750000018626451
14911,0.8472222220152617
14911,0.14097222220152617
14911,3.8680555559694767
14911,2.902777777519077
14911,1.0465277777984738
14911,2.283333333209157
14911,1.8298611114732921
14911,0.9861111110076308
14911,1.038888888899237
14911,0.023611111100763083
14911,3.8138888888061047
14911,0.00069444440305233
14911,2.143055555410683
14911,1.146527777891606
14911,0.716666666790843
14911,4.161111110821366
14911,9.04236111138016
14911,3.859722222201526
14911,0.972916666418314
14911,0.09722222248092294
14911,2.20763888861984
14911,0.04861111147329211
14911,0.052083333022892475
14911,4.684722222387791
14911,1.0513888890855014
14911,0.00069444440305233
14911,1.0499999998137355
14911,0.03402777761220932
14911,0.9326388891786337
14911,1.9208333333954215
14911,4.121527777519077
14911,3.9597222222946584
14911,2.861111111007631
14911,0.05555555550381541
14911,0.8972222222946584
14911,0.1444444446824491
14911,5.98888888861984
14911,1.1048611113801599
14911,1.9263888886198401
14911,1.837500000372529
14911,3.064583333209157
14911,0.15208333311602473
14911,6.118055555503815
14911,0.00069444440305233
14911,0.7659722222015262
14911,4.944444444496185
14911,0.1131944446824491
14911,0.046527777798473835
14911,6.809027777519077
14911,1.0104166669771075
14911,0.0840277774259448
14911,4.125694444868714
14911,0.7958333329297602
14911,0.06527777807787061
14911,1.033333333209157
14911,0.9263888890855014
14911,0.24236111110076308
14911,0.00069444440305233
14911,0.8395833331160247
14911,0.09236111119389534
14911,2.802777777891606
14911,0.11319444421678782
14911,0.9319444447755814
14911,1.0486111110076308
14911,0.00069444440305233
14911,0.1083333333954215
14911,0.024305555503815413
14911,0.00069444440305233
14911,1.7826388888061047
14911,0.14305555541068316
14911,5.876388889271766
14911,0.970833333209157
14911,3.1048611109144986
14911,0.18888888880610466
14911,0.8506944444961846
14911,0.02500000037252903
14911,0.03402777761220932
14911,0.7159722223877907
14911,0.0694444440305233
14911,0.009722222574055195
14911,0.16944444412365556
14911,4.908333333674818
14911,0.020138888619840145
14911,0.011111111380159855
14911,0.04513888852670789
14911,0.0006944448687136173
14911,0.8229166665114462
14911,1.052777777891606
14911,0.9444444440305233
14911,0.16388888889923692
14911,0.8305555558763444
14911,3.1479166666977108
14911,6.086111111100763
14911,0.9756944444961846
14911,0.7930555553175509
14911,0.189583333209157
14911,5.770138889085501
14911,0.1944444444961846
14911,0.1729166666045785
14911,1.99444444430992
14911,1.1062500001862645
14911,0.6194444443099201
14911,0.09722222248092294
14911,1.9090277776122093
14911,0.16944444458931684
14911,0.8347222222946584
14911,0.8888888885267079
14911,0.2840277780778706
14911,0.00069444440305233
14911,0.017361111007630825
14911,1.070138888899237
14911,0.6569444444030523
14911,0.24374999990686774
14911,1.050694444682449
14911,1.820138888899237
14911,0.9076388888061047
14911,0.02847222238779068
14911,1.043055555317551
14911,0.1631944444961846
14911,0.0986111112870276
14911,0.6430555554106832
14911,0.997916666790843
14911,1.1499999999068677
14911,2.1416666666045785
14911,0.7826388888061047
14911,0.043055555783212185
14911,1.939583333209157
14911,0.20972222229465842
14911,0.7388888886198401
14911,0.37430555559694767
14911,2.90069444430992
14911,0.7847222224809229
14911,0.00069444440305233
14911,1.929861111100763
14911,0.004861111287027597
14911,0.12291666632518172
14911,1.1750000002793968
14912,229.9263888890855
14913,85.77222222229466
14913,90.21319444430992
14913,147.76041666651145
14915,186.16319444449618
14916,174.79722222220153
14916,55.978472222108394
14916,22.967361111193895
14918,38.958333333488554
14920,0.00069444440305233
14921,171.01805555541068
14930,165.8243055557832
14930,0.00138888880610466
14931,34.319444444496185
14931,131.7909722221084
14931,51.884722222108394
14931,18.037500000093132
14934,200.93194444430992
14936,100.05625000037253
14936,66.96944444440305
14936,42.84722222201526
14936,0.00138888880610466
14936,0.00069444440305233
14936,32.066666666883975
14936,0.00069444440305233
14937,73.92499999981374
14937,0.0006944448687136173
14944,0.00069444440305233
14944,78.95972222229466
14944,0.00069444440305233
14944,31.135416666977108
14944,41.760416666511446
14944,50.001388888806105
14944,17.21875
14944,0.00069444440305233
14944,47.770833333488554
14944,0.0
14944,0.00069444440305233
14947,58.26180555531755
14948,81.7486111111939
14948,28.09930555569008
14948,11.143055555410683
14948,26.970138888806105
14948,48.13888888899237
14952,58.876388888806105
14952,20.02777777798474
14952,78.09375
14952,0.8256944445893168
14952,0.00208333320915699
14952,0.00069444440305233
14952,118.17361111100763
14952,16.819444444496185
14952,12.08541666669771
14952,0.00138888880610466
14958,60.200000000186265
14958,37.919444444123656
14959,80.94305555569008
14959,105.90972222201526
14959,45.37152777798474
14960,162.96944444440305
14961,0.00069444440305233
14961,62.99444444430992
14961,50.95069444458932
14961,14.277083333581686
14961,77.9375
14961,62.922222222201526
14961,10.060416666325182
14961,70.77638888917863
14963,125.97708333330229
14963,24.032638888806105
14963,14.972916666418314
14963,9.007638888899237
14965,0.00347222201526165
14970,64.04861111100763
14970,115.0500000002794
14970,68.95763888861984
14971,8.145833333488554
14971,0.00277777761220932
14973,91.14999999990687
14973,26.995138889178634
14976,52.06458333367482
14976,78.15833333320916
14976,95.03680555569008
14976,43.95208333339542
14976,0.013194444123655558
14976,0.0027777780778706074
14978,13.025694444775581
14978,27.97430555522442
14978,53.952777777798474
14978,163.09166666679084
14984,161.14166666660458
14985,159.77638888871297
14987,349.90694444440305
14995,241.93402777751908
14997,89.86249999981374
14997,41.995833333581686
14998,71.04305555531755
15002,28.899305555503815
15002,41.98194444458932
15002,181.01319444412366
15005,6.949999999720603
15005,25.03333333367482
15005,24.01180555531755
15005,29.043055555783212
15005,10.959027777891606
15005,23.893749999813735
15005,6.990277777891606
15005,13.097222222015262
15005,8.034722222480923
15005,11.99166666623205
15005,8.94305555569008
15005,10.069444444496185
15005,9.934027777984738
15005,14.948611110914499
15005,14.033333333209157
15005,7.938194444403052
15005,13.029166666790843
15005,19.132638888899237
15005,12.829166666604578
15005,10.027083333581686
15005,7.030555555596948
15005,14.990972221828997
15005,6.001388889271766
15005,13.02569444430992
15005,12.948611110914499
15005,5.159027778077871
15005,10.863194444216788
15009,5.739583333488554
15009,7.090277777519077
15012,319.98125000018626
15014,133.01874999981374
15018,114.96458333311602
15018,214.11874999990687
15021,105.00486111082137
15021,42.998611111193895
15021,42.995833333116025
15021,18.98333333339542
15021,70.05555555550382
15021,59.96597222238779
15021,0.0055555556900799274
15021,17.973611110821366
15022,20.95486111100763
15022,0.0013888892717659473
15022,14.910416666418314
15023,43.99236111110076
15023,49.0111111109145
15023,58.001388888806105
15023,49.200000000186265
15023,9.764583333395422
15023,24.997916666790843
15023,18.086111111100763
15023,73.09444444440305
15023,3.9937499999068677
15023,36.006944444496185
15024,0.15625
15024,70.78958333330229
15024,167.04652777779847
15024,16.25277777761221
15024,53.71805555559695
15024,0.009722222574055195
15024,30.97222222201526
15024,19.0
15024,0.0034722224809229374
15026,37.02777777798474
15026,159.9770833333023
15027,19.049305555410683
15027,50.963888889178634
15027,137.82152777770534
15028,325.94861111138016
15028,0.00555555522441864
15028,34.100694444496185
15030,196.8027777778916
15031,172.0340277776122
15031,80.08958333358169
15031,25.857638888526708
15032,0.022916666697710752
15032,110.06458333320916
15033,72.95416666660458
15033,48.03611111128703
15033,48.984722222201526
15033,36.14305555541068
15033,13.890277777798474
15033,56.04305555531755
15033,13.984027777798474
15033,13.953472222201526
15033,20.977777778171003
15034,15.256944444496185
15034,59.7701388890855
15034,46.01805555541068
15034,0.0076388888992369175
15034,162.10902777779847
15034,41.96111111110076
15034,12.97708333330229
15036,2.052777777425945
15036,105.08819444477558
15038,126.03541666688398
15038,28.00277777761221
15038,27.975694444496185
15038,118.98888888861984
15038,10.024305555969477
15039,8.015277777798474
15039,21.04861111100763
15039,0.0034722224809229374
15039,5.929861111100763
15039,8.995138888712972
15039,5.004166666883975
15039,0.0069444440305233
15039,7.969444444868714
15039,8.001388888806105
15039,7.033333333209157
15039,11.987499999813735
15039,0.02638888917863369
15039,6.954861111007631
15039,7.034027777612209
15039,6.988194444682449
15039,7.024305555503815
15039,6.953472222201526
15039,10.038888888899237
15039,6.038888888899237
15039,5.9500000001862645
15039,8.003472222015262
15039,4.959027777891606
15039,7.008333333302289
15039,9.024999999906868
15039,7.070138888899237
15039,6.924305555410683
15039,6.020138889085501
15039,7.011111110914499
15039,8.978472222574055
15039,7.970138888806105
15039,4.98888888861984
15039,7.056944444775581
15039,13.993055555503815
15039,14.014583333395422
15039,0.009722222108393908
15039,14.967361111193895
15039,7.9874999998137355
15039,11.063888888806105
15039,14.936805555596948
15039,0.00069444440305233
15039,14.018750000279397
15039,13.067361110821366
15039,6.9500000001862645
15039,5.984027777798474
15039,8.184027777519077
15039,7.805555555503815
15044,6.961111111100763
15044,2.9638888887129724
15044,0.0034722224809229374
15044,19.106944444589317
15044,31.887499999720603
15044,6.054166666697711
15044,32.90902777761221
15044,21.048611111473292
15044,0.00208333320915699
15044,34.06527777761221
15044,30.899305555503815
15044,40.077777777798474
15044,60.90069444477558
15044,9.171527777798474
15044,26.91249999962747
15044,19.989583333488554
15045,105.99236111110076
15046,10.913194444496185
15046,16.947916666511446
15046,8.160416666418314
15046,16.827777777798474
15046,44.99097222229466
15046,40.05902777798474
15046,5.911111110821366
15046,21.06527777807787
15046,46.10833333339542
15046,30.865972221828997
15046,30.030555555596948
15046,20.09583333367482
15046,16.05138888861984
15046,20.98611111100763
15048,147.97569444449618
15048,103.93194444477558
15048,51.203472222201526
15050,0.015972222201526165
15050,46.10555555578321
15051,100.9388888888061
15051,26.067361110821366
15053,125.04166666651145
15053,151.95972222229466
15054,28.02013888861984
15057,40.25555555569008
15058,0.011805555783212185
15058,12.806249999906868
15058,56.08888888871297
15058,0.0034722224809229374
15058,60.118055555503815
15058,58.768749999813735
15058,43.09652777807787
15058,31.16805555531755
15058,24.899305555503815
15058,0.012500000186264515
15059,13.995833333581686
15059,23.96875
15059,81.06458333320916
15059,44.99166666669771
15059,63.03750000009313
15059,0.00277777761220932
15059,66.92083333339542
15059,0.004861111287027597
15060,0.009722222108393908
15060,0.0027777780778706074
15060,0.9763888888992369
15061,0.00069444440305233
15061,0.00138888880610466
15061,0.00069444440305233
15061,0.00138888880610466
15061,0.00208333320915699
15061,4.931944444775581
15061,2.8743055555969477
15061,0.00069444440305233
15061,0.00069444440305233
15061,0.00069444440305233
15061,5.052777777891606
15061,26.118055555503815
15061,0.00069444440305233
15061,1.882638888899237
15061,6.058333333116025
15061,7.825694444589317
15061,16.32152777770534
15061,18.80416666669771
15061,0.0
15061,12.024305555503815
15061,0.00069444440305233
15061,0.08680555550381541
15061,8.806944444775581
15061,7.979166666511446
15061,5.023611111100763
15061,30.123611111193895
15061,0.00347222201526165
15061,6.867361111100763
15061,26.936111111193895
15061,13.086111111100763
15061,0.00069444440305233
15061,15.114583333488554
15061,15.805555555503815
15061,0.00069444440305233
15061,6.019444444682449
15061,7.0520833330228925
15061,54.13263888889924
15061,0.0034722224809229374
15061,0.00208333320915699
15061,0.00208333320915699
15061,8.811111111193895
15061,0.0
15061,15.081944444682449
15061,14.120138888712972
15061,15.898611111100763
15061,8.952777777798474
15061,7.051388889085501
15062,74.8625000002794
15062,66.91666666651145
15062,146.27222222229466
15065,63.944444444496185
15065,63.006944444496185
15065,126.9173611109145
15067,204.04722222220153
15067,0.00138888880610466
15068,210.01388888899237
15071,182.05833333311602
15073,1.084027777891606
15073,175.9472222221084
15078,0.00069444440305233
15078,13.976388888899237
15078,0.0006944448687136173
15078,35.109722222201526
15078,28.96041666669771
15078,3.1361111109144986
15078,26.90902777761221
15078,26.77569444477558
15078,0.00069444440305233
15078,30.041666666511446
15078,0.00069444440305233
15078,0.00069444440305233
15078,12.977777777705342
15078,32.99722222238779
15078,0.00069444440305233
15078,0.0
15078,22.13888888899237
15078,12.961111111100763
15078,10.029166666790843
15078,6.9270833330228925
15078,0.00069444440305233
15078,24.094444444403052
15078,7.006944444496185
15078,18.036111111287028
15078,0.00069444440305233
15078,0.0
15078,22.918055555783212
15078,21.875
15078,4.249305555131286
15078,0.0006944448687136173
15078,0.00069444440305233
15079,50.18680555559695
15079,102.95138888899237
15079,0.00069444440305233
15081,158.88263888889924
15081,121.95694444468245
15081,20.94930555531755
15081,43.24444444430992
15088,45.964583333581686
15089,19.976388888899237
15089,14.098611111287028
15089,49.803472221829
15089,22.154861111193895
15089,12.061805555596948
15092,68.07361111138016
15093,33.8000000002794
15093,51.013194444123656
15093,80.89722222229466
15093,89.93819444440305
15093,98.13194444449618
15095,67.8965277778916
15095,32.001388888806105
15095,0.00069444440305233
15098,0.00416666641831398
15098,0.0034722224809229374
15100,7.125
15100,32.93472222192213
15101,350.8916666666046
15103,55.040972222108394
15104,85.92569444468245
15105,48.063888888806105
15105,0.00069444440305233
15105,19.159722222480923
15105,42.78125
15105,6.274999999906868
15105,0.00069444440305233
15106,57.825694444123656
15106,70.34791666688398
15106,75.88333333330229
15106,47.79305555531755
15107,12.04513888899237
15107,26.01944444468245
15107,1.8659722218289971
15107,2.128472222480923
15107,18.98333333339542
15108,40.0812500002794
15108,1.1319444440305233
15108,44.765972222201526
15110,191.90555555559695
15110,82.02291666669771
15110,21.05416666669771
15111,305.88263888889924
15111,37.334722221829
15113,28.79583333339542
15113,15.909722222480923
15114,56.02083333302289
15114,28.21319444477558
15114,34.80694444430992
15114,34.29027777770534
15114,31.9798611109145
15114,22.886805555783212
15114,14.100000000093132
15114,8.124305555596948
15114,40.84166666632518
15116,70.04027777770534
15116,77.10347222257406
15116,40.00555555522442
15117,94.9673611111939
15117,70.1576388888061
15117,33.827777777798474
15117,1.8625000002793968
15121,238.09027777751908
15122,93.39791666669771
15122,89.88611111138016
15123,198.9270833330229
15124,169.0437499997206
15125,31.009722222108394
15125,32.08750000037253
15125,0.00069444440305233
15125,29.120833333116025
15125,0.00069444440305233
15125,0.00069444440305233
15125,6.078472222201526
15125,23.7076388890855
15125,0.00069444440305233
15125,13.030555555596948
15125,22.28958333330229
15125,52.67847222229466
15125,0.00208333320915699
15125,35.157638888806105
15128,50.96319444430992
15128,41.952777777798474
15128,66.14097222220153
15129,36.16388888889924
15129,36.81041666679084
15129,7.9840277773328125
15129,32.22986111138016
15129,0.0
15129,1.8395833331160247
15129,39.16180555569008
15129,10.946527777705342
15129,19.930555555503815
15129,56.163194444496185
15132,62.86874999990687
15132,94.12083333358169
15132,49.092361111193895
15132,38.131944444496185
15133,44.0124999997206
15133,129.9916666666977
15134,27.092361111193895
15134,35.88263888889924
15134,50.200000000186265
15134,54.8861111109145
15134,27.020833333488554
15134,14.974305555224419
15134,15.853472222574055
15136,74.02083333302289
15136,19.82708333339542
15136,0.0
15139,96.95486111100763
15140,29.93194444430992
15140,35.91805555578321
15140,83.02499999990687
15140,0.00069444440305233
15140,36.032638888806105
15140,27.07083333330229
15144,51.93472222192213
15144,0.0006944448687136173
15144,41.077777777798474
15144,1.9798611109144986
15144,62.15902777761221
15144,17.702777777798474
15144,0.00138888880610466
15144,24.26944444468245
15144,20.83472222229466
15144,20.871527777519077
15144,0.00069444440305233
15144,13.265972222201526
15144,5.990972222294658
15144,8.995138889178634
15144,18.717361111193895
15144,16.277777777519077
15145,21.055555555503815
15145,183.82847222220153
15145,39.200000000186265
15146,126.95972222229466
15150,82.9375
15150,31.19583333330229
15150,26.865277777425945
15150,19.031944444403052
15150,34.0201388890855
15150,1.8138888888061047
15150,40.152083333581686
15150,0.756249999627471
15150,15.165277778171003
15152,42.958333333488554
15152,8.047916666604578
15152,7.978472222108394
15152,4.781944444403052
15152,10.120138889178634
15152,28.85277777770534
15152,24.02222222229466
15152,11.205555555410683
15152,18.959027777891606
15152,10.902777777519077
15152,9.088194444775581
15152,0.9548611110076308
15156,28.856944444123656
15156,3.3798611112870276
15157,203.9875000002794
15157,150.91805555531755
15159,0.00069444440305233
15159,31.8638888890855
15159,13.993055555503815
15159,44.92847222229466
15159,0.00138888880610466
15159,37.01944444421679
15159,0.0034722224809229374
15159,19.010416666511446
15159,4.206944444216788
15159,0.0013888892717659473
15159,25.839583333116025
15159,0.00069444440305233
15159,0.00069444440305233
15159,13.07361111138016
15159,14.915972222108394
15159,19.92013888899237
15159,23.96597222192213
15159,23.054861111100763
15159,0.00069444440305233
15159,22.24166666669771
15159,0.0006944448687136173
15159,0.00069444440305233
15159,16.845833333209157
15159,0.00069444440305233
15159,21.165972222108394
15159,10.887500000186265
15159,14.000694444403052
15159,0.00069444440305233
15159,2.9020833331160247
15163,173.90833333320916
15164,130.95347222220153
15164,139.95208333292976
15172,39.911111110821366
15172,61.07013888889924
15172,65.07361111138016
15172,61.941666666418314
15179,67.02152777742594
15179,18.780555555596948
15179,180.15138888917863
15179,35.00833333330229
15181,94.07916666660458
15181,109.00069444440305
15182,114.03819444449618
15184,161.06597222201526
15186,154.00277777807787
15187,43.825694444123656
15187,20.24444444477558
15187,18.75277777761221
15187,33.262500000186265
15187,4.759027777705342
15187,20.925694444216788
15187,0.00069444440305233
15187,20.361805555876344
15187,19.634722222108394
15187,8.21319444430992
15187,4.868749999906868
15187,2.13611111138016
15187,6.811805555596948
15187,0.00069444440305233
15187,7.123611111193895
15189,14.171527777798474
15189,13.74444444430992
15189,16.3236111109145
15189,5.852083333302289
15189,14.802083333488554
15189,6.172222222201526
15189,6.986111111007631
15189,8.788888888899237
15189,4.216666666790843
15189,1.78680555569008
15189,0.00069444440305233
15189,13.962499999906868
15189,21.163194444496185
15189,7.045138888992369
15189,7.988194444216788
15189,5.063194444403052
15189,12.827777777798474
15189,8.140277777798474
15189,6.9833333333954215
15189,6.866666666697711
15189,8.033333333209157
15189,1.1770833334885538
15189,6.087499999906868
15189,10.933333333581686
15189,9.794444444123656
15189,0.00138888880610466
15189,6.969444444403052
15189,7.121527777984738
15189,4.997916666790843
15189,0.00069444440305233
15189,1.1118055554106832
15189,1.9618055555038154
15189,48.109027777798474
15189,12.68472222238779
15189,8.209027777891606
15189,5.899999999906868
15189,6.124305555596948
15189,2.0111111109144986
15189,4.885416666511446
15189,2.0375000000931323
15192,174.0354166664183
15192,71.82916666660458
15194,7.029166666790843
15194,2.8979166666977108
15194,21.884722222108394
15194,24.200000000186265
15194,28.785416666418314
15194,35.06875000009313
15194,31.1875
15194,18.677083333488554
15194,28.15069444430992
15194,43.9375
15194,39.245833333116025
15194,9.067361111287028
15194,46.677777777891606
15194,28.197222222108394
15197,105.74236111110076
15197,241.92361111100763
15198,31.976388888899237
15199,72.94513888889924
15199,140.89374999981374
15199,35.208333333488554
15201,43.08819444430992
15201,77.88819444458932
15201,0.025694444309920073
15201,39.03333333320916
15203,113.1263888888061
15203,61.89722222229466
15203,30.871527777519077
15203,26.104166666511446
15203,53.825000000186265
15205,42.1451388890855
15206,130.1020833333023
15206,46.010416666511446
15206,89.08333333348855
15208,190.03333333320916
15208,100.03611111082137
15208,31.99722222238779
15208,30.114583333488554
15211,304.8909722222015
15213,11.052777777891606
15214,58.998611111193895
15214,108.26527777779847
15214,11.743055555503815
15214,25.0111111109145
15214,14.030555555596948
15214,14.163194444496185
15214,8.88611111138016
15215,49.96944444440305
15215,0.00069444440305233
15218,54.98194444458932
15218,45.9875000002794
15218,39.032638888806105
15218,41.00902777770534
15218,0.00486111082136631
15218,21.01458333339542
15218,0.0013888892717659473
15218,42.00277777761221
15218,20.867361111100763
15218,43.11736111110076
15220,41.29513888899237
15220,35.75277777807787
15220,33.97152777761221
15220,54.14999999990687
15220,63.92430555541068
15223,23.968055555131286
15224,4.102777777705342
15227,32.8861111109145
15227,68.89166666660458
15227,179.0743055557832
15227,0.00069444440305233
15228,125.21388888917863
15228,39.92708333302289
15228,63.06180555559695
15230,1.1493055555038154
15232,27.17083333339542
15235,3.902777777519077
15235,17.848611111287028
15235,12.935416666790843
15235,16.19930555531755
15235,0.00069444440305233
15235,13.033333333209157
15235,0.0
15235,24.76111111138016
15235,38.01944444421679
15235,7.282638888806105
15235,21.69861111138016
15237,23.98819444468245
15237,125.02847222192213
15237,76.76250000018626
15238,88.97638888889924
15238,65.95972222229466
15239,68.18124999990687
15240,70.08819444430992
15240,50.03958333330229
15240,107.09583333320916
15240,39.836805555503815
15241,86.21458333311602
15241,4.971527778077871
15241,8.756249999627471
15241,28.251388889271766
15241,28.041666666511446
15241,53.88819444458932
15241,6.795138888526708
15244,182.92152777779847
15245,73.99097222229466
15245,53.22708333330229
15246,120.2076388890855
15249,18.05902777798474
15249,4.873611111193895
15249,19.17847222229466
15249,17.785416666418314
15249,41.07638888899237
15249,27.939583333209157
15249,8.01736111100763
15249,11.950000000186265
15249,0.015972222201526165
15249,16.060416666790843
15249,25.993749999906868
15249,34.00555555569008
15251,30.98333333339542
15251,32.07986111100763
15251,28.157638888806105
15251,7.727083333302289
15251,15.41458333330229
15251,20.6451388890855
15251,15.211111111100763
15251,50.868055555503815
15251,0.00138888880610466
15251,31.095138888806105
15252,146.96875
15253,81.00902777770534
15253,0.0
15253,72.15833333320916
15253,0.00138888880610466
15258,48.9263888890855
15260,0.0
15260,138.9375
15260,30.125694444403052
15260,16.929861111100763
15260,44.14861111110076
15260,41.93194444430992
15265,84.10416666697711
15267,27.050000000279397
15267,96.9812499997206
15267,16.032638889271766
15267,20.168749999720603
15270,0.050694444216787815
15270,8.873611111193895
15270,62.921527777798474
15270,121.03819444449618
15270,101.94791666651145
15270,0.00069444440305233
15271,27.874305555131286
15271,98.07777777779847
15271,18.984722222201526
15271,16.20972222229466
15271,23.92569444468245
15271,17.6986111109145
15271,33.27291666669771
15271,12.989583333488554
15271,21.80138888861984
15271,37.23541666660458
15271,10.92291666707024
15271,9.95208333292976
15271,10.040277778171003
15271,19.03125
15272,28.84930555522442
15274,14.11111111100763
15281,45.865277777425945
15281,40.91736111138016
15281,14.249305555596948
15281,30.763888888526708
15281,3.962500000372529
15281,52.058333333116025
15281,8.913888888899237
15281,77.99097222229466
15287,48.12777777761221
15288,101.02499999990687
15288,63.83541666669771
15288,44.993055555503815
15288,112.27083333302289
15289,111.92847222229466
15289,108.11666666669771
15290,28.750694444403052
15290,1.2673611110076308
15290,34.74097222229466
15290,17.149999999906868
15290,22.000694444403052
15290,22.033333333209157
15290,29.995833333581686
15290,44.953472222201526
15290,29.961805555503815
15290,21.890972222201526
15290,3.0402777777053416
15290,24.13402777770534
15290,36.93958333367482
15290,11.193749999627471
15290,22.964583333581686
15290,3.798611111007631
15290,0.00069444440305233
15291,16.041666666511446
15291,26.237500000279397
15291,5.7687499998137355
15291,48.231250000186265
15291,3.0083333333022892
15291,6.699305555317551
15291,15.15902777807787
15291,4.878472222015262
15291,67.06527777761221
15291,7.9187500001862645
15291,77.9798611109145
15291,59.177777777891606
15291,3.018055555410683
15291,6.878472222480923
15296,114.05624999990687
15296,28.938194444403052
15296,7.970138888806105
15296,66.1347222221084
15296,58.8937500002794
15297,34.20555555541068
15297,19.07916666660458
15298,28.086805555503815
15298,13.739583333488554
15298,62.115277777891606
15298,75.10763888899237
15298,44.99444444430992
15298,49.748611111193895
15298,52.09166666632518
15298,0.00069444440305233
15298,18.07708333339542
15298,11.890972222201526
15298,8.287500000093132
15299,0.00138888880610466
15299,0.00069444440305233
15299,108.80208333348855
15299,99.20486111100763
15299,96.88680555531755
15299,0.00069444440305233
15301,100.93819444440305
15301,40.092361111193895
15301,21.899999999906868
15301,18.216666666790843
15301,0.00069444440305233
15301,14.88333333330229
15301,25.035416666418314
15301,33.825000000186265
15301,40.99722222238779
15301,0.00138888880610466
15301,22.009722222108394
15304,86.91458333330229
15304,21.285416666883975
15304,24.691666666883975
15304,17.015972222201526
15304,53.95138888852671
15304,79.02500000037253
15304,25.061111110728234
15306,55.89236111100763
15306,28.006250000093132
15311,4.17638888861984
15311,2.9777777777053416
15311,1.0361111112870276
15311,4.036111111287028
15311,0.9520833329297602
15311,1.9826388889923692
15311,4.081250000279397
15311,2.965277777519077
15311,12.875694444403052
15311,2.1263888888061047
15311,3.070138888899237
15311,1.8791666668839753
15311,2.015277777798474
15311,2.9909722222946584
15311,1.9874999998137355
15311,2.038888888899237
15311,3.8680555555038154
15311,2.22430555569008
15311,4.871527777984738
15311,2.0347222220152617
15311,4.993749999906868
15311,2.9791666669771075
15311,3.988194444216788
15311,2.9638888887129724
15311,4.9812500001862645
15311,5.991666666697711
15311,3.0770833333954215
15311,3.9812499997206032
15311,2.993750000372529
15311,3.0006944444030523
15311,21.015277777798474
15311,0.021527777425944805
15311,1.9069444444030523
15311,3.977777778171003
15311,8.152083333116025
15311,10.027083333581686
15311,5.920138888526708
15311,5.94861111138016
15311,8.074999999720603
15311,4.9520833333954215
15311,1.9826388889923692
15311,2.0520833334885538
15311,5.913888888899237
15311,5.090972221922129
15311,5.978472222574055
15311,4.008333333302289
15311,4.037499999627471
15311,7.964583333581686
15311,7.011111110914499
15311,1.9562500002793968
15311,5.023611111100763
15311,1.9902777774259448
15311,3.9868055558763444
15311,1.9854166666045785
15311,4.996527777519077
15311,2.2465277779847383
15311,4.78680555569008
15311,5.970833333209157
15311,2.0284722223877907
15311,4.978472222108394
15311,2.9111111112870276
15311,1.1875
15311,13.888194444123656
15311,4.092361111193895
15311,6.884027777705342
15311,3.0694444444961846
15311,4.975694444496185
15311,1.9347222223877907
15311,4.038194444496185
15311,6.05138888861984
15311,3.935416666790843
15311,5.018055555410683
15311,4.1395833333954215
15311,1.8111111111938953
15311,3.076388888992369
15311,5.029166666325182
15311,1.9770833333022892
15311,3.9500000001862645
15311,3.0652777776122093
15311,5.0
15311,2.1430555558763444
15311,3.855555555317551
15311,3.0083333333022892
15311,3.9750000000931323
15311,2.043055555783212
15311,0.9874999998137355
15311,3.9722222220152617
15311,3.0062500000931323
15311,3.984722222201526
15311,2.959027777891606
15312,139.1048611109145
15312,111.94305555569008
15312,27.965277777519077
15315,51.89861111110076
15321,220.9368055551313
15321,0.0006944448687136173
15329,37.20416666660458
15329,95.00347222201526
15330,28.22222222201526
15332,0.00069444440305233
15332,0.00069444440305233
15332,3.111805555410683
15334,10.02013888861984
15334,6.876388889271766
15339,251.98333333339542
15344,42.09722222201526
15344,31.734027777798474
15349,29.01388888899237
15351,290.17013888899237
15351,13.965277777519077
15351,5.993055555503815
15351,4.8833333337679505
15351,21.172222222201526
15351,20.859722222201526
15353,113.01805555541068
15355,23.93194444430992
15356,7.8895833333954215
15356,64.03125
15356,44.14305555541068
15356,33.90069444477558
15356,43.0625
15356,19.92916666669771
15356,50.015972222201526
15356,33.990277777425945
15356,40.0
15358,0.0
15358,27.15902777761221
15358,21.77569444430992
15358,18.99166666669771
15358,0.0020833336748182774
15358,17.263888888526708
15358,0.00069444440305233
15358,39.00069444440305
15358,33.78958333376795
15358,0.00138888880610466
15358,29.0
15358,0.00069444440305233
15358,42.00555555569008
15358,16.120138888712972
15358,31.88402777770534
15358,14.04513888899237
15358,0.00138888880610466
15358,25.069444444496185
15358,14.041666666511446
15358,30.804861111100763
15358,0.00069444440305233
15364,158.83819444430992
15365,219.1034722221084
15365,14.795833333395422
15365,0.00069444440305233
15365,55.904861111193895
15365,0.00069444440305233
15365,0.00069444440305233
15366,282.95972222229466
15367,29.91458333330229
15367,188.09722222248092
15367,0.00208333320915699
15370,35.115972221829
15370,93.80486111110076
15370,62.373611111193895
15370,69.7909722221084
15370,11.865972222294658
15370,19.024999999906868
15373,11.833333333488554
15373,42.08194444421679
15373,27.929861111100763
15373,35.01458333339542
15373,44.06597222248092
15373,37.05208333302289
15373,57.77916666679084
15373,0.00138888880610466
15373,92.0951388888061
15373,4.94861111138016
15373,10.215277777519077
15376,105.07916666660458
15376,76.97569444449618
15379,21.045138888526708
15379,13.995833333581686
15379,47.99236111110076
15379,66.96180555550382
15379,22.09097222238779
15379,16.921527777332813
15380,224.0638888888061
15380,54.963888889178634
15380,39.78402777761221
15380,38.07152777770534
15381,54.924305555876344
15382,85.03402777761221
15382,25.96250000037253
15382,0.00069444440305233
15382,99.89583333302289
15382,70.06319444440305
15384,189.97430555522442
15392,271.75763888889924
15392,58.15000000037253
15392,25.89166666660458
15393,264.9930555559695
15394,154.07013888889924
15394,126.05833333358169
15394,68.83194444421679
15398,62.07708333339542
15399,56.96319444430992
15399,20.916666666977108
15400,94.07500000018626
15400,56.09652777761221
15400,14.759722222108394
15400,21.17291666660458
15402,47.94791666697711
15406,269.87708333320916
15407,83.06944444449618
15407,38.85694444458932
15407,150.01597222220153
15410,25.15972222201526
15410,30.963888888712972
15410,2.0208333334885538
15410,30.910416666883975
15410,42.885416666511446
15410,30.429861111100763
15410,14.818750000093132
15411,58.01666666660458
15411,54.05069444421679
15411,44.0500000002794
15414,205.05069444468245
15414,27.786111110821366
15416,43.092361111193895
15416,84.31597222248092
15416,90.63124999962747
15421,94.97500000009313
15421,0.00138888880610466
15421,156.8041666666977
15422,0.08333333348855376
15424,0.0013888892717659473
15426,112.09027777798474
15426,223.9090277776122
15426,0.0034722224809229374
15426,14.067361110821366
15427,13.979166666511446
15427,0.008333333302289248
15429,48.9486111109145
15433,53.8562499997206
15434,93.08680555550382
15434,0.00069444440305233
15434,75.66250000009313
15434,23.21875
15436,186.9770833333023
15436,34.990277777891606
15440,72.12291666679084
15440,81.90902777761221
15443,210.9770833333023
15443,35.96249999990687
15443,28.038888888899237
15443,22.92916666669771
15443,10.053472222294658
15443,10.924305555410683
15444,31.05902777798474
15449,76.24930555559695
15449,158.93055555550382
15452,192.94930555531755
15452,41.92013888899237
15453,18.29791666660458
15453,37.722916666883975
15453,39.08194444421679
15453,35.9576388890855
15453,20.92847222229466
15453,33.94305555569008
15456,75.92430555541068
15456,0.004166666883975267
15462,43.84722222248092
15462,49.05208333302289
15465,10.07916666707024
15465,24.930555555503815
15465,14.002083333209157
15465,20.996527777519077
15465,7.002777778077871
15465,13.985416666604578
15465,14.006944444496185
15465,7.000694444403052
15465,13.99444444430992
15465,3.054861111100763
15465,7.019444444682449
15465,52.96527777751908
15465,20.961111111100763
15465,20.99444444477558
15465,56.0111111109145
15465,20.995833333116025
15465,41.998611111193895
15467,7.029166666790843
15467,135.95347222220153
15468,0.0076388888992369175
15469,69.97708333330229
15473,0.14236111100763083
15473,1.9937499999068677
15473,0.009722222108393908
15473,0.00069444440305233
15473,30.09583333367482
15473,13.92638888861984
15478,16.131944444496185
15482,0.00138888880610466
15482,108.02708333358169
15482,84.98611111100763
15482,109.00902777770534
15482,10.027083333581686
15482,1.257638888899237
15482,9.071527777705342
15482,10.645833333022892
15482,0.010416666977107525
15482,9.982638888526708
15482,0.0076388888992369175
15483,105.02638888917863
15483,0.00069444440305233
15483,0.00138888880610466
15484,21.93402777798474
15484,38.21111111110076
15484,16.918749999720603
15485,37.163194444496185
15485,305.88402777770534
15489,153.9173611109145
15489,34.91527777770534
15491,0.011111110914498568
15491,17.259722222108394
15491,38.802083333488554
15491,78.94513888889924
15491,5.226388888899237
15492,46.035416666418314
15493,20.98888888861984
15493,99.99374999990687
15493,117.01458333339542
15493,0.016666666604578495
15494,99.97361111082137
15497,302.07638888899237
15498,0.09513888880610466
15498,27.79027777770534
15498,15.234722222201526
15498,3.8687499999068677
15498,42.058333333581686
15498,0.022916666697710752
15498,38.92569444421679
15498,27.018055555410683
15498,0.8888888889923692
15498,0.00138888880610466
15498,21.00555555569008
15498,0.00069444440305233
15498,18.12777777761221
15498,0.03541666688397527
15498,2.7999999998137355
15498,47.96527777798474
15498,0.00069444440305233
15498,0.00069444440305233
15498,36.05347222229466
15498,0.004166666883975267
15498,28.03125
15498,0.00069444440305233
15498,13.231249999720603
15498,0.00069444440305233
15498,25.887500000186265
15498,14.963888888712972
15500,54.995833333116025
15500,7.790972222108394
15500,10.213194444775581
15502,0.0
15502,0.96875
15502,92.87777777761221
15502,151.9902777778916
15502,34.00763888889924
15502,0.00069444440305233
15502,0.00069444440305233
15502,22.1986111109145
15502,0.004861111287027597
15502,40.9486111109145
15502,10.882638888899237
15505,29.06527777807787
15505,12.826388888526708
15505,29.0625
15505,31.811805555596948
15506,93.01041666651145
15506,23.007638888899237
15508,9.916666666511446
15508,6.090277777984738
15508,29.993749999906868
15508,0.00347222201526165
15508,0.004166666883975267
15511,27.91180555569008
15511,7.095138888806105
15511,12.027777777984738
15511,26.74166666669771
15512,203.92986111110076
15513,7.917361110914499
15513,35.137500000186265
15513,4.834722221828997
15513,9.143750000279397
15513,42.97777777770534
15513,0.00208333320915699
15513,13.13055555569008
15513,48.74097222229466
15513,0.00208333320915699
15513,0.00208333320915699
15513,12.282638889271766
15513,23.84722222201526
15513,39.009722222108394
15513,30.10486111138016
15513,11.803472222294658
15513,0.00138888880610466
15513,54.02499999990687
15513,7.171527777798474
15514,0.00555555522441864
15514,0.004166666883975267
15514,3.925694444682449
15514,79.99930555513129
15514,54.99305555596948
15514,192.0041666664183
15514,0.0
15514,9.067361111287028
15514,9.139583333395422
15514,2.8958333330228925
15516,0.00347222201526165
15516,1.9673611111938953
15518,0.0076388888992369175
15518,13.981249999720603
15518,103.0625
15518,55.91736111138016
15518,25.308333333116025
15518,9.731944444589317
15518,59.99791666679084
15521,5.965277777984738
15521,36.18194444430992
15521,0.008333333302289248
15521,64.13402777770534
15521,53.74444444477558
15521,0.0
15521,54.15138888871297
15522,54.958333333488554
15525,355.95138888899237
15525,15.10833333292976
15526,0.00208333320915699
15527,38.91111111128703
15527,95.98055555531755
15527,37.02777777798474
15527,37.97430555522442
15527,55.0513888890855
15527,50.94236111128703
15527,20.030555555596948
15529,2.0555555555038154
15529,40.938888888806105
15529,48.01319444458932
15529,15.928472222294658
15529,11.995833333116025
15529,37.040972222574055
15529,67.99513888871297
15529,54.98333333339542
15529,20.98263888899237
15529,44.02777777751908
15530,77.25277777761221
15530,19.788194444496185
15530,128.00694444449618
15531,22.038888888899237
15532,191.86041666660458
15532,34.99236111110076
15532,106.06805555569008
15533,6.915972222108394
15533,63.07986111100763
15535,0.004166666883975267
15535,91.07986111100763
15535,63.05972222238779
15544,70.89444444468245
15544,14.009722222108394
15544,76.2611111109145
15544,37.79166666697711
15544,23.169444444123656
15544,30.722916666883975
15544,91.25694444449618
15544,19.057638888712972
15545,316.8305555554107
15547,46.95486111100763
15547,30.05972222238779
15547,0.00347222201526165
15547,13.906944444403052
15547,28.15069444430992
15547,49.0201388890855
15547,84.02777777751908
15547,20.972222222480923
15547,6.859027777798474
15547,0.08749999990686774
15547,14.01388888899237
15547,28.02222222229466
15547,32.89791666669771
15549,158.88125000009313
15549,80.14930555550382
15550,131.1333333333023
15550,63.970138889271766
15550,102.01388888852671
15555,4.088888888712972
15555,3.814583333209157
15555,125.05347222229466
15555,35.00555555569008
15555,11.159722222015262
15555,14.010416666977108
15555,0.7124999999068677
15555,17.231249999720603
15555,54.82013888889924
15555,25.20208333339542
15555,9.81527777807787
15555,10.100694444496185
15555,24.888888888526708
15555,3.0854166666977108
15555,18.07638888899237
15561,65.98541666660458
15561,0.00208333320915699
15561,137.99097222229466
15563,158.0118055557832
15563,178.0520833330229
15563,0.0770833333954215
15565,20.15902777807787
15568,28.884722222108394
15568,41.98333333339542
15569,200.8833333333023
15569,0.0062500000931322575
15569,23.083333333022892
15569,4.894444444682449
15570,6.923611111007631
15570,5.240277777891606
15570,27.86666666669771
15570,26.995138888712972
15570,18.05902777798474
15570,44.80416666669771
15570,33.18680555559695
15570,64.9048611111939
15570,105.08194444421679
15570,26.03958333330229
15570,2.97430555569008
15571,44.92847222229466
15571,9.24166666623205
15571,12.69583333376795
15572,0.00416666641831398
15572,29.830555555410683
15572,138.9986111111939
15572,84.02430555550382
15572,0.03819444449618459
15572,20.913194444496185
15573,53.97361111128703
15574,13.87222222238779
15574,0.00416666641831398
15574,180.9673611111939
15577,154.1437500002794
15577,0.00277777761220932
15579,245.02499999990687
15581,10.989583333488554
15581,0.00277777761220932
15581,1.8062499999068677
15581,78.19722222257406
15581,36.82083333330229
15581,11.118749999906868
15581,1.1652777777053416
15581,53.90625
15581,15.969444444403052
15581,25.90277777798474
15581,8.083333333022892
15581,1.8291666666045785
15582,120.05277777742594
15582,75.79375000018626
15584,89.72916666651145
15584,25.095138888806105
15584,23.936805555596948
15587,209.04236111138016
15587,53.04861111100763
15587,39.06041666679084
15589,54.96319444477558
15589,0.00069444440305233
15594,141.0298611111939
15594,12.066666666418314
15594,51.165972222574055
15594,14.685416666325182
15596,38.88888888899237
15596,44.961805555503815
15596,66.8937500002794
15596,114.03680555522442
15599,177.94375000009313
15601,14.158333333209157
15601,21.995833333581686
15601,17.901388888712972
15601,2.1791666666977108
15601,18.720833333209157
15601,2.1298611112870276
15601,42.99097222229466
15601,48.92986111110076
15601,33.16319444403052
15601,47.779861111193895
15601,33.245833333581686
15601,32.92708333302289
15601,45.069444444496185
15602,7.815972222480923
15602,28.212499999906868
15602,19.91458333330229
15602,111.93194444430992
15602,129.87708333320916
15602,42.18819444440305
15602,6.238194444682449
15602,13.765277777798474
15605,83.88055555522442
15605,37.125694444868714
15605,162.86944444430992
15605,53.15138888871297
15606,27.155555555596948
15606,8.736805555410683
15606,10.097222222015262
15606,17.07638888899237
15606,38.88125000009313
15606,51.902083333116025
15606,51.270833333488554
15606,58.032638888806105
15608,60.14861111110076
15608,0.00208333320915699
15608,31.99097222229466
15611,53.30138888861984
15611,24.830555555410683
15611,65.0625
15611,13.958333333488554
15611,13.85763888899237
15611,58.10138888889924
15611,1.8520833333022892
15611,33.0
15611,0.11180555541068316
15611,27.819444444496185
15611,26.07152777770534
15611,7.077777777798474
15612,25.08541666669771
15615,0.00208333320915699
15615,0.0013888892717659473
15615,29.745833333116025
15615,31.21875
15615,34.78888888889924
15615,21.26111111138016
15615,6.8333333330228925
15615,21.86944444430992
15615,1.1201388891786337
15615,28.975694444496185
15615,0.00347222201526165
15615,21.251388888806105
15615,0.0020833336748182774
15615,40.822222222108394
15615,0.00069444440305233
15615,7.872222222387791
15615,0.00069444440305233
15615,8.077777777798474
15615,42.05763888871297
15615,17.932638888712972
15615,14.13055555569008
15615,20.96319444430992
15618,44.11319444468245
15618,0.00069444440305233
15618,59.81736111128703
15620,137.8666666666977
15620,164.05486111110076
15621,10.143749999813735
15621,6.933333333581686
15621,0.014583333395421505
15622,56.99513888871297
15622,0.0006944448687136173
15622,28.022222221828997
15622,0.00069444440305233
15622,110.84930555569008
15622,0.00138888880610466
15622,0.00069444440305233
15622,43.25625000009313
15624,49.96666666679084
15624,71.09583333320916
15624,18.85833333339542
15625,55.919444444123656
15625,48.92916666669771
15625,26.998611111193895
15626,254.99513888917863
15628,111.21319444430992
15628,72.74444444430992
15628,54.13611111138016
15628,30.031944444403052
15628,32.99930555559695
15628,18.961805555503815
15628,21.888194444123656
15628,20.04791666660458
15630,159.22222222201526
15632,21.14166666660458
15632,28.075000000186265
15632,43.08055555541068
15632,39.842361111193895
15632,20.96319444430992
15632,58.03472222248092
15632,47.91944444458932
15636,192.8520833333023
15640,10.955555555410683
15640,6.047222222201526
15640,22.75277777761221
15640,33.228472222574055
15640,59.02847222192213
15640,13.831944444682449
15640,41.172222222201526
15640,44.970138888806105
15640,15.967361111193895
15640,2.8409722219221294
15640,43.1763888890855
15640,42.081249999813735
15640,19.90277777798474
15640,11.999305555596948
15641,76.92916666669771
15641,21.93472222192213
15641,155.10763888899237
15643,90.71041666669771
15643,0.00069444440305233
15644,0.015972222201526165
15644,4.977083333302289
15644,89.97708333330229
15646,125.67569444421679
15646,89.02847222238779
15648,62.870833333581686
15649,31.144444444216788
15651,223.9881944442168
15651,0.00138888880610466
15653,23.040972222574055
15654,16.91180555569008
15656,63.864583333488554
15656,42.06319444440305
15656,133.04722222220153
15658,63.05486111110076
15658,47.862499999813735
15658,64.05208333348855
15658,7.217361111193895
15660,82.16388888889924
15660,78.85486111138016
15660,0.18611111119389534
15660,68.77013888861984
15660,0.00069444440305233
15660,50.19652777770534
15660,60.125
15660,0.00069444440305233
15661,21.058333333116025
15665,74.99166666669771
15669,87.3326388890855
15669,72.75486111082137
15669,63.197222222574055
15671,2.2041666666045785
15671,25.884722222574055
15671,116.20277777779847
15671,31.7611111109145
15671,68.99791666679084
15671,7.078472222201526
15673,112.82986111100763
15673,57.913194444496185
15673,68.24791666632518
15674,6.100694444496185
15674,33.18541666632518
15674,1.769444444682449
15674,140.19305555569008
15675,125.20347222220153
15675,73.77361111110076
15676,248.16666666651145
15676,16.93125000037253
15679,28.21319444430992
15679,124.12291666679084
15679,5.993749999906868
15680,325.9722222224809
15680,30.988194444216788
15681,97.11597222229466
15681,0.00069444440305233
15681,155.02500000037253
15681,2.9722222220152617
15687,18.918055555783212
15687,22.020833333022892
15687,20.83819444477558
15687,81.97291666641831
15687,121.20138888899237
15687,41.86944444430992
15687,0.00138888880610466
15687,14.900000000372529
15689,241.98611111100763
15690,96.17986111110076
15694,7.070138888899237
15694,5.006249999627471
15694,30.09375
15694,62.125
15694,21.946527778171003
15694,42.89583333302289
15694,16.02569444477558
15694,11.18194444430992
15694,109.71249999990687
15694,37.28125
15694,3.8999999999068677
15694,17.19652777770534
15694,7.644444444682449
15695,0.0006944448687136173
15696,10.094444444403052
15696,1.0451388889923692
15696,36.98333333339542
15696,22.90416666632518
15696,34.97986111138016
15696,140.88958333339542
15696,46.21319444430992
15700,1.0534722222946584
15701,36.92013888899237
15701,5.138194444589317
15701,66.02708333311602
15704,28.05694444430992
15704,46.96944444440305
15704,0.010416666511446238
15706,40.92569444421679
15706,10.977777777705342
15706,0.9138888888992369
15707,22.06527777807787
15707,20.9486111109145
15707,7.997222222387791
15708,35.021527777425945
15708,21.120833333581686
15708,27.877083333209157
15708,62.99722222238779
15708,84.03055555559695
15708,97.94027777761221
15712,104.17777777742594
15712,73.83055555587634
15712,38.05486111110076
15712,62.04583333292976
15713,222.9291666666977
15714,66.00069444440305
15716,112.03055555559695
15716,55.98541666660458
15716,55.96527777798474
15719,28.00902777770534
15719,27.95138888899237
15719,19.03680555522442
15719,15.967361111193895
15719,26.99444444477558
15719,19.999305555131286
15719,21.003472222480923
15719,23.031944444403052
15719,29.00347222201526
15719,27.009722222574055
15719,35.984027777798474
15719,31.007638888899237
15722,102.99166666669771
15722,78.97083333320916
15722,73.00763888889924
15722,0.00138888880610466
15724,83.16666666651145
15727,27.97152777807787
15727,82.8763888888061
15727,50.131944444496185
15727,54.86041666660458
15727,36.12291666632518
15727,90.90416666679084
15730,114.07291666651145
15730,26.918750000186265
15732,159.97500000009313
15734,85.82708333339542
15737,53.188888889271766
15737,3.0756944441236556
15737,0.00069444440305233
15737,38.84027777798474
15737,68.03541666641831
15737,56.78888888889924
15737,8.125694444868714
15738,46.11944444477558
15738,13.85208333330229
15738,26.973611110821366
15738,15.086111111100763
15738,15.026388889178634
15738,27.94027777761221
15738,22.995138889178634
15738,0.00069444440305233
15738,20.921527777798474
15738,26.96666666632518
15738,46.99375000037253
15738,13.092361110728234
15738,32.967361111193895
15738,20.21875
15738,24.662500000093132
15743,71.1034722221084
15743,76.02499999990687
15743,21.166666666511446
15745,162.8888888885267
15745,40.01597222266719
15745,14.123611110728234
15747,52.10694444458932
15747,107.93194444430992
15749,0.00138888880610466
15749,97.01597222220153
15750,0.06597222201526165
15750,83.18263888871297
15750,112.82083333330229
15750,98.03055555559695
15750,34.95069444458932
15750,22.320138888899237
15750,12.711111111100763
15752,95.21388888871297
15752,27.910416666883975
15752,99.93541666632518
15752,33.97708333376795
15752,22.219444444403052
15752,53.822916666511446
15754,172.90833333320916
15754,22.186111111193895
15755,59.088888889178634
15755,127.05486111110076
15755,19.999305555596948
15755,14.022222222294658
15755,63.96249999990687
15756,36.01388888852671
15756,60.87430555559695
15756,91.09097222238779
15757,152.02361111110076
15759,61.853472222108394
15759,78.13541666651145
15762,12.040277777705342
15763,45.89861111110076
15764,92.14374999981374
15764,0.0027777780778706074
15764,77.09305555559695
15764,0.00069444440305233
15764,19.117361111100763
15768,22.04791666660458
15768,88.01319444458932
15769,32.85694444458932
15769,2.127083333209157
15769,37.79444444458932
15769,10.98611111100763
15769,10.194444444496185
15769,1.935416666790843
15769,7.897916666697711
15769,28.149305555503815
15769,4.00555555569008
15769,35.00069444440305
15769,2.8569444441236556
15769,0.0013888892717659473
15769,25.1673611109145
15769,17.00555555569008
15769,47.92013888899237
15769,0.00069444440305233
15769,0.0
15769,5.947916666511446
15769,13.913888888899237
15769,23.054861111100763
15769,0.10347222210839391
15769,10.78680555569008
15769,13.104166666511446
15769,10.049305555876344
15769,23.081249999813735
15777,43.75763888889924
15777,0.00138888880610466
15777,76.24444444430992
15780,114.89930555596948
15780,59.11319444421679
15781,168.13194444449618
15781,112.10555555578321
15782,39.78750000009313
15782,40.05972222238779
15785,98.00277777807787
15785,39.8236111109145
15785,0.00069444440305233
15785,125.05902777798474
15786,68.02569444477558
15786,0.00208333320915699
15787,35.06736111128703
15787,0.004861111287027597
15791,160.79097222257406
15793,229.03263888927177
15793,24.915972222108394
15796,86.81458333320916
15796,15.235416666604578
15796,12.77569444430992
15796,78.12916666688398
15796,37.08541666669771
15796,54.87708333320916
15796,16.259722222108394
15797,14.770833333488554
15797,90.26458333339542
15797,101.01805555541068
15799,149.01041666651145
15799,109.88750000018626
15800,139.07222222257406
15801,49.24236111110076
15801,13.92361111100763
15804,28.01111111138016
15804,39.13125000009313
15804,22.84722222201526
15804,14.220138888806105
15804,7.908333333674818
15804,1.15069444430992
15804,7.100000000093132
15804,13.55138888861984
15804,27.347222222480923
15804,18.809027777519077
15804,7.158333333209157
15804,10.861805555876344
15805,76.10833333339542
15805,55.04791666660458
15805,0.00069444440305233
15805,35.85138888889924
15805,11.091666666790843
15805,1.0340277776122093
15805,10.03680555569008
15805,0.00069444440305233
15805,0.00138888880610466
15805,69.04722222220153
15805,41.89791666669771
15805,18.99166666669771
15805,0.00069444440305233
15805,8.03680555569008
15805,5.834722222294658
15805,8.309027777519077
15806,119.11874999990687
15806,111.09722222248092
15807,26.976388888899237
15807,0.0006944448687136173
15808,8.105555555317551
15808,22.044444444589317
15808,32.91111111128703
15809,46.18819444440305
15809,52.09375
15809,19.8951388890855
15809,148.04791666660458
15810,64.44444444449618
15810,61.756944444496185
15810,91.81736111082137
15811,7.954861111007631
15811,59.848611110821366
15811,92.08194444468245
15811,99.87013888871297
15811,83.24583333358169
15812,63.10208333330229
15812,65.03611111128703
15812,37.87430555559695
15812,44.075694444123656
15813,31.961111111100763
15814,0.3777777780778706
15814,13.856944444123656
15814,19.73263888899237
15815,14.137500000186265
15815,33.13611111138016
15815,71.87708333320916
15815,77.01527777779847
15819,77.20347222220153
15819,68.03055555559695
15819,81.97777777770534
15821,17.09722222201526
15822,356.04999999981374
15826,154.22222222248092
15826,0.00069444440305233
15827,0.00138888880610466
15827,56.05763888871297
15827,11.895833333488554
15827,0.9874999998137355
15827,23.004166666883975
15827,0.0
15827,44.06805555569008
15827,21.05347222229466
15827,31.953472222201526
15827,42.17916666669771
15827,0.00069444440305233
15827,26.88124999962747
15827,41.020833333488554
15829,41.265277777798474
15831,199.95972222229466
15831,65.97222222248092
15834,0.0020833336748182774
15834,111.68124999990687
15834,95.18402777751908
15835,70.14166666707024
15835,122.95208333292976
15835,93.12291666679084
15838,56.85555555531755
15838,36.07708333339542
15838,25.279166666790843
15838,2.7138888887129724
15838,28.088888889178634
15838,28.040972222108394
15838,11.152083333581686
15838,0.00277777761220932
15838,13.863194444216788
15838,43.90347222238779
15838,13.059027777984738
15838,30.875694444403052
15838,13.106944444123656
15838,39.04513888899237
15838,0.00138888880610466
15838,0.00069444440305233
15838,14.040277778171003
15838,0.00069444440305233
15839,67.81736111128703
15839,47.07083333330229
15840,113.89305555587634
15841,120.13333333330229
15841,131.94305555569008
15841,13.958333333022892
15845,49.72222222248092
15845,76.93194444430992
15845,31.15347222238779
15845,34.890972222201526
15845,57.970138888806105
15845,51.03888888889924
15845,17.975000000093132
15847,249.91319444449618
15850,148.9986111111939
15852,10.913888888899237
15854,32.13680555531755
15854,17.95208333339542
15854,44.808333333581686
15854,58.279861111193895
15854,3.884722222108394
15854,31.81527777761221
15854,0.0
15854,32.18541666679084
15854,53.96388888871297
15854,82.0500000002794
15854,0.00138888880610466
15855,23.08819444430992
15855,34.032638888806105
15855,22.779861111193895
15855,47.00763888889924
15856,8.147222222294658
15856,5.923611111007631
15856,50.02777777798474
15856,47.808333333116025
15856,1.2284722225740552
15856,19.999305555596948
15856,28.73888888861984
15856,21.259722222108394
15856,30.895833333488554
15856,11.074305555783212
15856,25.05694444430992
15856,0.00138888880610466
15856,11.838888888712972
15856,3.1534722223877907
15856,1.9819444445893168
15856,3.0375000000931323
15856,29.989583333022892
15856,8.870138889178634
15856,0.00416666641831398
15856,11.125694444403052
15856,37.83541666669771
15856,0.0034722224809229374
15856,0.10416666651144624
15856,2.910416666418314
15856,0.0055555556900799274
15856,0.127083333209157
15858,77.95138888899237
15858,211.84583333320916
15858,17.986111111473292
15858,44.14513888861984
15860,115.99305555550382
15860,19.972222222480923
15860,88.25763888889924
15860,19.86388888861984
15860,25.868749999906868
15860,23.081250000279397
15860,34.95416666660458
15861,0.00416666641831398
15861,132.63263888889924
15861,89.0298611111939
15861,19.120138888712972
15861,0.04930555587634444
15861,4.154166666325182
15861,9.834027777891606
15862,169.115972221829
15862,92.10138888889924
15862,103.87083333358169
15863,167.0506944442168
15864,138.95277777779847
15864,78.78888888889924
15864,32.0
15864,40.05347222229466
15864,4.072222222108394
15865,124.91249999962747
15865,48.12847222248092
15867,8.047916666604578
15867,7.006250000093132
15867,21.07152777770534
15867,16.006250000093132
15867,20.967361111193895
15867,26.93472222238779
15867,27.061805555131286
15867,45.97361111128703
15867,13.007638888899237
15867,39.961805555503815
15867,30.049305555410683
15867,42.944444444496185
15867,48.06597222248092
15867,16.870138888712972
15869,0.0027777780778706074
15872,0.0006944448687136173
15874,28.035416666418314
15874,0.0027777780778706074
15874,10.912500000093132
15874,27.949999999720603
15874,39.99722222238779
15874,114.0625
15877,16.024305555503815
15881,2.8777777780778706
15881,49.25763888889924
15881,0.00069444440305233
15881,0.0076388888992369175
15882,0.0076388888992369175
15882,169.93194444477558
15882,0.00069444440305233
15883,31.09375
15885,215.977777778171
15885,0.8243055553175509
15889,212.83194444468245
15894,115.9888888890855
15897,0.012500000186264515
15898,1.103472222108394
15898,102.8736111111939
15898,37.98263888899237
15898,225.22222222201526
15901,77.01388888852671
15901,61.00347222248092
15903,67.9076388888061
15903,150.11597222229466
15903,6.953472222201526
15903,42.126388888806105
15903,1.870833333581686
15903,16.77847222192213
15906,0.00277777761220932
15906,35.92916666669771
15906,74.99097222229466
15906,76.08958333311602
15906,48.941666666883975
15906,0.00138888880610466
15907,33.9888888890855
15907,172.98333333339542
15910,27.94027777761221
15910,42.047222222201526
15910,39.2076388890855
15910,108.01597222220153
15910,34.779861110728234
15910,49.220138889271766
15910,14.74444444430992
15912,54.888194444123656
15916,0.004861111287027597
15916,36.081249999813735
15916,83.91527777770534
15916,54.94652777770534
15916,114.14305555587634
15916,47.05208333302289
15916,13.884027777705342
15918,80.82430555531755
15919,349.0013888888061
15920,0.004166666883975267
15920,0.00208333320915699
15920,0.004166666883975267
15932,19.94305555569008
15932,28.08472222229466
15932,26.88124999962747
15932,49.11736111110076
15932,57.85555555578321
15932,19.100000000093132
15932,84.11736111110076
15933,15.192361111287028
15933,49.85555555578321
15935,2.1611111112870276
15938,59.02916666679084
15938,15.990972222294658
15938,47.18263888871297
15938,88.91180555569008
15939,6.135416666511446
15939,13.863888889085501
15939,24.089583333116025
15939,12.800694444682449
15939,17.24791666632518
15939,10.834027777891606
15939,19.09027777798474
15939,30.961805555503815
15939,16.063194444403052
15939,46.010416666511446
15939,0.00069444440305233
15939,17.759722222574055
15939,9.227777777705342
15939,17.86388888861984
15948,35.28958333330229
15949,54.649305555503815
15950,253.0951388888061
15950,27.87777777761221
15950,46.99444444430992
15951,276.8590277777985
15952,66.02638888871297
15952,90.96805555559695
15952,34.93819444440305
15953,37.83541666669771
15953,48.109027777798474
15953,71.90902777807787
15953,146.12152777751908
15953,17.993749999906868
15953,21.98541666660458
15953,10.057638889178634
15955,129.01805555541068
15955,39.88125000009313
15955,83.31458333320916
15955,0.00069444440305233
15955,0.00069444440305233
15955,13.794444444589317
15955,0.0
15955,35.10763888899237
15955,0.00069444440305233
15955,5.138888888992369
15955,6.878472222015262
15955,16.122916666790843
15955,18.861805555410683
15963,25.936111111193895
15965,338.89722222229466
15965,0.008333333302289248
15965,11.237499999813735
15967,295.15555555559695
15969,135.83680555550382
15969,47.112499999813735
15971,27.788194444030523
15971,13.020138889085501
15971,28.061805555596948
15971,85.95347222220153
15971,15.248611111193895
15971,32.640277777798474
15971,20.037500000093132
15971,21.19583333330229
15971,14.80694444430992
15971,0.00069444440305233
15971,35.08194444421679
15974,11.229166666977108
15974,65.8125
15974,27.15416666632518
15974,50.81180555559695
15974,38.22152777807787
15974,55.89791666623205
15976,54.8249999997206
15977,21.878472222480923
15980,165.77361111110076
15980,0.0013888892717659473
15981,57.052777777891606
15981,12.779861110728234
15981,30.964583333581686
15981,42.06597222201526
15981,31.009722222574055
15981,60.10902777733281
15981,52.77500000037253
15983,7.9375
15983,5.0729166669771075
15983,338.21111111110076
15984,29.9888888890855
15984,49.1374999997206
15984,6.045138888992369
15984,49.811111111193895
15984,123.06666666688398
15984,9.902083333116025
15984,29.304861111100763
15984,66.85763888899237
15984,1.8409722219221294
15985,113.22708333330229
15987,149.19236111082137
15987,19.834027777891606
15987,0.009722222108393908
15987,51.143055555876344
15987,27.870138888712972
15987,108.24513888871297
15990,243.01597222220153
15993,0.024999999906867743
15993,10.969444444403052
15993,7.913888888899237
15993,8.941666666883975
15993,7.915972222108394
15993,0.00069444440305233
15996,81.0
15996,21.83194444468245
15996,98.0111111109145
15996,49.03888888889924
15996,28.086805555503815
15998,99.95347222220153
15998,90.93263888917863
15998,84.20069444412366
15998,50.88055555569008
16000,0.00069444440305233
16000,0.0013888892717659473
16003,193.86180555541068
16003,31.104166666511446
16003,104.94166666688398
16003,0.00069444440305233
16005,88.01041666651145
16005,170.06944444449618
16005,0.004166666883975267
16007,34.93680555559695
16007,112.05902777798474
16007,20.902083333116025
16008,129.15555555559695
16008,51.82916666660458
16009,116.03888888889924
16009,11.135416666511446
16009,10.051388889085501
16010,111.97152777761221
16010,4.942361111287028
16011,3.8520833333022892
16011,51.07083333330229
16011,21.052777777891606
16011,34.989583333488554
16011,22.01388888899237
16011,49.009722222108394
16011,7.894444444216788
16011,32.04861111147329
16011,24.969444444403052
16011,19.844444444403052
16011,7.217361111193895
16011,20.759722222108394
16011,28.11597222229466
16011,13.993055555503815
16011,21.165972222108394
16012,26.737500000279397
16012,93.07013888889924
16013,0.00069444440305233
16013,12.91180555569008
16013,0.00277777761220932
16013,0.9388888888061047
16013,20.99444444477558
16013,0.016666666604578495
16013,35.061111111193895
16013,0.00138888880610466
16013,0.00208333320915699
16013,0.0
16013,0.00208333320915699
16013,23.98263888899237
16013,3.9263888890855014
16013,3.134722222108394
16013,1.970833333209157
16013,23.047222222201526
16013,19.013194444589317
16013,5.93194444430992
16013,0.00069444440305233
16013,8.975694444496185
16013,19.04027777770534
16013,8.038194444496185
16013,5.918055555783212
16013,6.059027777519077
16013,21.86319444468245
16013,0.0
16013,13.07986111100763
16013,18.04861111100763
16013,0.00069444440305233
16013,0.0013888892717659473
16013,10.02847222192213
16013,0.0
16013,0.014583333395421505
16013,10.926388889085501
16013,28.04583333339542
16013,3.0680555552244186
16013,0.00138888880610466
16013,22.82083333376795
16013,0.00069444440305233
16013,0.0888888887129724
16013,0.0076388888992369175
16013,25.997916666790843
16013,0.00069444440305233
16013,0.00069444440305233
16013,10.980555555317551
16013,3.946527778171003
16014,138.9493055557832
16014,114.81597222201526
16015,22.9576388890855
16015,22.96041666623205
16016,140.02083333348855
16016,0.017361111007630825
16016,30.015277777798474
16016,116.95347222220153
16016,43.27916666679084
16016,20.98541666660458
16016,11.811111111193895
16018,141.01458333339542
16019,27.896527777425945
16019,21.137500000186265
16019,18.865277777891606
16019,42.104166666511446
16019,22.112499999813735
16019,95.94930555578321
16019,83.8423611111939
16019,6.065972222015262
16020,48.89166666660458
16020,0.0
16023,74.0326388888061
16023,146.09375
16027,18.114583333022892
16027,65.82430555578321
16027,42.20555555541068
16027,38.8951388890855
16027,45.896527777891606
16029,0.00069444440305233
16029,1.3208333333022892
16029,13.70486111100763
16029,0.0013888892717659473
16029,5.002777777612209
16029,14.129166666883975
16029,9.032638888806105
16029,6.822222222108394
16029,0.0
16029,4.967361111193895
16029,10.202777777798474
16029,0.00138888880610466
16029,6.872916666790843
16029,9.947916666511446
16029,23.069444444496185
16029,0.00138888880610466
16029,4.947916666511446
16029,4.0104166669771075
16029,0.00069444440305233
16029,0.00069444440305233
16029,16.981944444589317
16029,15.985416666604578
16029,6.154166666325182
16029,7.936111111193895
16029,0.00069444440305233
16029,5.957638889085501
16029,0.00069444440305233
16029,6.962499999906868
16029,12.952083333395422
16029,4.111111111007631
16029,17.021527777891606
16029,0.00138888880610466
16029,1.117361111100763
16029,0.00069444440305233
16029,7.824305555783212
16029,2.0270833331160247
16029,20.148611111100763
16029,0.0027777780778706074
16029,7.8312499998137355
16029,0.00069444440305233
16029,0.00138888880610466
16029,0.0013888892717659473
16029,12.111805555410683
16029,0.00069444440305233
16029,6.979166666511446
16029,12.01388888899237
16029,0.00069444440305233
16029,0.0
16029,1.8187500000931323
16029,0.004861111287027597
16029,0.00347222201526165
16029,13.103472222108394
16029,0.00138888880610466
16029,15.018055555876344
16029,1.9645833331160247
16029,0.0034722224809229374
16029,0.00624999962747097
16029,3.013888888992369
16029,0.9312499999068677
16029,0.020138889085501432
16029,15.09652777761221
16029,5.870138889178634
16031,154.9472222221084
16033,9.112499999813735
16033,21.98333333339542
16033,12.14513888861984
16033,20.893750000279397
16033,26.952777777798474
16033,42.995833333116025
16033,0.06666666688397527
16033,0.017361111007630825
16033,23.89166666660458
16033,11.021527777891606
16033,35.004166666418314
16033,14.086805555503815
16033,13.959722222294658
16033,22.003472222480923
16033,7.02013888861984
16033,26.05694444477558
16033,15.958333333022892
16033,32.96666666679084
16033,27.95208333339542
16034,124.13888888899237
16034,12.043750000186265
16036,176.07777777779847
16037,54.08055555541068
16037,34.87430555559695
16038,24.097916666883975
16038,169.95138888899237
16040,120.2597222221084
16040,82.89930555596948
16041,0.00069444440305233
16041,110.83124999981374
16042,224.94374999962747
16042,50.06805555569008
16042,0.00069444440305233
16042,35.171527777798474
16043,71.02291666669771
16043,35.08055555541068
16043,173.96319444430992
16045,44.817361110821366
16045,83.24305555550382
16045,42.84652777807787
16048,0.00069444440305233
16049,33.067361110821366
16049,1.8812500000931323
16053,89.85000000009313
16057,73.10416666697711
16057,0.00347222201526165
16057,115.08958333358169
16057,0.00138888880610466
16057,0.0
16057,80.0013888888061
16059,40.21388888871297
16059,72.85277777770534
16059,90.94305555569008
16059,92.03125
16059,5.931249999906868
16062,123.13055555569008
16062,107.90416666632518
16062,123.97569444449618
16066,62.88888888852671
16066,13.96041666669771
16066,16.038194444496185
16066,15.002083333209157
16070,9.968055555131286
16076,73.99791666632518
16076,14.09097222238779
16076,27.881250000093132
16076,0.011111110914498568
16076,12.983333333395422
16076,20.01736111100763
16076,6.054166666697711
16076,31.16180555569008
16076,18.904861111193895
16079,16.85277777770534
16079,7.134722222108394
16080,192.8319444442168
16081,107.17222222220153
16081,73.92152777779847
16081,98.01111111138016
16081,30.97152777761221
16083,259.95555555587634
16085,84.0124999997206
16085,157.1347222221084
16085,21.069444444496185
16085,34.836805555503815
16086,78.89583333348855
16086,88.1763888890855
16086,101.91180555522442
16086,38.99097222229466
16091,43.97708333330229
16092,56.99444444477558
16092,82.80277777742594
16094,190.1208333335817
16094,0.0
16094,17.82916666660458
16098,74.99166666669771
16098,64.28958333330229
16098,48.99374999990687
16098,27.762500000186265
16098,29.268055555410683
16098,40.70416666660458
16099,88.07916666660458
16099,87.11458333302289
16102,29.961111111100763
16102,56.05902777798474
16103,6.870138889178634
16103,40.10694444458932
16103,28.95763888861984
16103,78.04236111138016
16103,72.09791666641831
16107,42.74930555559695
16107,37.09166666632518
16107,13.881944444496185
16107,47.05486111110076
16107,13.97152777807787
16107,10.874305555596948
16109,89.86111111147329
16110,48.99513888871297
16110,217.0284722223878
16112,5.195833333302289
16112,177.97083333320916
16112,11.945138888899237
16115,28.072222222108394
16115,51.93402777798474
16115,32.02569444430992
16115,62.99652777798474
16115,45.06319444440305
16115,31.925694444216788
16115,30.953472222667187
16119,64.20555555541068
16120,0.00486111082136631
16120,0.00138888880610466
16120,0.0020833336748182774
16121,158.04652777779847
16122,33.94305555569008
16122,219.99930555559695
16122,39.21944444440305
16126,112.15208333358169
16126,82.79861111100763
16126,72.24722222238779
16128,138.9986111111939
16128,66.08194444421679
16128,40.84027777798474
16128,19.032638888806105
16131,32.34166666632518
16131,91.82291666697711
16131,0.00208333320915699
16131,63.972916666418314
16131,0.0
16133,30.679861111100763
16133,42.01736111100763
16133,3.1138888890855014
16133,9.925694444216788
16133,12.045833333395422
16133,0.00069444440305233
16133,15.95486111100763
16133,6.118055555503815
16133,0.012500000186264515
16133,1.9840277777984738
16133,10.984722222201526
16133,42.95138888899237
16133,6.198611110914499
16133,5.921527777798474
16133,0.9659722223877907
16133,7.888888888992369
16133,1.0263888887129724
16133,4.920138888992369
16133,1.0618055555969477
16133,6.006250000093132
16133,0.1416666666045785
16133,6.990972222294658
16133,25.94097222201526
16133,5.00555555569008
16133,10.10208333330229
16133,7.015277777798474
16133,13.777083333116025
16133,11.21875
16133,11.742361111100763
16133,9.175694444682449
16133,0.00347222201526165
16133,3.919444444589317
16134,337.8368055555038
16136,199.96388888871297
16136,18.006944444496185
16139,94.18472222238779
16139,93.74166666669771
16140,305.8993055555038
16143,14.89791666669771
16143,51.04583333292976
16143,90.77430555596948
16143,104.31180555513129
16143,104.9250000002794
16145,21.05972222192213
16145,49.134027778171
16145,63.04861111100763
16145,49.78333333320916
16145,26.047222222201526
16145,26.936111111193895
16145,24.03402777761221
16145,26.010416666977108
16145,33.11874999990687
16145,31.8861111109145
16146,28.718055555596948
16146,46.23680555541068
16149,137.85763888899237
16150,101.81180555559695
16150,141.7986111114733
16150,40.02569444430992
16150,46.12222222192213
16153,137.03750000009313
16153,31.96041666669771
16153,70.01041666651145
16153,66.0527777778916
16156,40.895833333488554
16156,63.291666666511446
16156,50.967361111193895
16156,3.7770833331160247
16156,66.19027777807787
16156,35.74930555559695
16156,25.345138888806105
16156,15.811111111193895
16157,48.98819444421679
16157,8.006944444496185
16160,20.143055555410683
16161,8.304861111100763
16161,0.8798611108213663
16161,28.84027777798474
16161,19.225000000093132
16161,9.067361110821366
16161,11.904166666790843
16161,42.74236111110076
16161,37.0625
16161,12.271527777891606
16161,29.09375
16161,28.81597222201526
16161,52.899305555503815
16161,9.094444444403052
16161,19.081250000279397
16161,33.930555555503815
16161,2.9055555555969477
16161,7.97430555569008
16161,12.995138888712972
16163,132.94930555531755
16164,18.061805555596948
16164,7.182638888712972
16168,50.12569444440305
16168,49.8937500002794
16168,27.027083333116025
16168,1.0923611111938953
16168,13.943750000093132
16168,11.86388888861984
16168,7.05694444430992
16168,15.958333333488554
16168,6.159027778077871
16168,36.029861110728234
16168,4.970138889271766
16168,16.84999999962747
16168,13.165972222574055
16168,0.0
16168,11.886111110914499
16168,4.122916666790843
16168,4.8645833330228925
16168,19.899305555503815
16168,18.041666666977108
16168,23.070138888899237
16168,0.00069444440305233
16168,3.1534722223877907
16168,5.782638888806105
16168,6.211111111100763
16168,1.8340277774259448
16168,6.043055555783212
16169,36.03333333320916
16169,10.126388888806105
16169,21.00347222201526
16170,13.834027777891606
16170,51.12291666679084
16170,48.89861111110076
16170,21.99444444430992
16170,61.927083333488554
16172,65.98333333339542
16172,45.165972222108394
16172,34.90625
16172,0.0
16173,6.736111111007631
16173,13.370138889178634
16173,33.686111110728234
16173,6.1354166669771075
16173,22.884722222108394
16174,16.998611111193895
16174,8.17013888899237
16175,35.82430555578321
16175,35.356944444123656
16175,74.81458333367482
16180,18.08541666669771
16180,23.97708333330229
16180,0.00069444440305233
16180,39.93125000037253
16180,25.04583333339542
16180,18.07916666660458
16180,27.13402777770534
16182,91.03611111128703
16182,73.23472222220153
16182,57.862499999813735
16184,29.018055555876344
16184,49.07430555531755
16184,20.85208333330229
16184,6.904166666790843
16184,41.3249999997206
16185,215.90416666679084
16186,130.80902777798474
16186,30.158333333209157
16186,0.00069444440305233
16186,22.114583333488554
16186,46.8861111109145
16186,0.00069444440305233
16186,22.12777777807787
16186,16.831249999813735
16186,36.9576388890855
16186,20.970833333209157
16186,23.061805555596948
16187,0.00069444440305233
16187,44.92569444468245
16187,13.881250000093132
16187,0.00347222201526165
16187,22.211111111100763
16187,0.00069444440305233
16187,33.81319444440305
16187,42.10833333339542
16187,13.928472222294658
16187,13.950000000186265
16187,0.19027777761220932
16187,23.97430555569008
16187,23.863194444216788
16187,19.993749999906868
16188,16.04861111100763
16188,85.22638888889924
16188,96.8326388890855
16189,69.85138888889924
16191,0.015277777798473835
16191,23.956250000279397
16191,0.026388888712972403
16191,24.104166666511446
16191,0.05625000037252903
16191,10.837499999906868
16191,38.848611110821366
16191,210.16319444449618
16191,0.8409722223877907
16191,28.259722222108394
16191,11.745833333581686
16191,9.095833333209157
16200,159.95347222220153
16201,64.18055555550382
16201,24.092361110728234
16201,17.94583333376795
16203,144.97430555569008
16203,79.9048611111939
16203,88.9902777778916
16205,112.02152777742594
16205,30.18958333367482
16205,6.704861111007631
16206,118.99791666679084
16206,83.98680555541068
16206,69.99722222238779
16208,244.9159722221084
16209,59.967361111193895
16209,7.086805555503815
16209,60.03055555559695
16209,30.89791666669771
16210,4.943750000093132
16210,6.9187500001862645
16210,3.2222222220152617
16210,36.015277777798474
16210,12.785416666883975
16210,89.05069444421679
16210,0.06180555559694767
16210,7.144444444682449
16210,96.95277777779847
16210,17.90902777761221
16210,12.163888888899237
16210,22.75902777770534
16210,26.105555555783212
16210,6.897916666697711
16210,16.06527777761221
16210,4.939583333209157
16210,8.07083333330229
16212,264.00624999962747
16214,16.864583333488554
16214,82.05694444430992
16217,46.918750000186265
16218,118.96180555550382
16218,48.02291666669771
16218,0.00138888880610466
16218,68.05833333358169
16218,23.863194444216788
16218,85.0298611111939
16221,91.90138888917863
16221,239.03611111082137
16224,9.095138888806105
16224,99.20833333348855
16224,83.94027777761221
16225,0.06736111082136631
16225,100.96527777798474
16225,26.968055555596948
16225,104.84166666632518
16226,27.939583333209157
16226,4.131944444496185
16229,125.29027777770534
16230,30.787500000093132
16232,0.00069444440305233
16232,71.95486111100763
16232,99.96875
16233,36.90277777751908
16233,258.28888888889924
16235,36.79791666660458
16235,109.02430555550382
16235,105.15138888871297
16235,40.827777777798474
16239,132.95763888861984
16240,53.03194444440305
16241,30.1986111109145
16241,91.80347222229466
16241,35.02777777798474
16241,35.00625000009313
16241,38.94513888889924
16241,17.00555555522442
16241,7.020138889085501
16241,18.08472222229466
16241,0.015277777798473835
16241,37.94513888889924
16241,26.17638888861984
16241,22.774305555503815
16242,62.92569444468245
16242,48.97499999962747
16242,99.00833333330229
16242,34.009722222574055
16242,13.97152777761221
16242,10.031944444403052
16243,21.015972222201526
16244,160.94236111128703
16245,135.0027777776122
16245,98.02777777798474
16249,38.013194444123656
16249,63.95138888899237
16249,24.950000000186265
16249,59.930555555503815
16250,112.21388888917863
16253,188.81666666688398
16255,25.87847222201526
16255,34.13819444458932
16255,58.93541666679084
16255,100.96388888871297
16255,13.984722222201526
16255,35.92569444468245
16255,79.10069444449618
16258,49.85277777770534
16258,33.00277777761221
16258,9.144444444682449
16258,81.95624999981374
16261,132.9902777778916
16261,37.772222221829
16261,58.16666666697711
16265,0.00069444440305233
16265,60.06875000009313
16265,10.063194444403052
16265,33.84722222248092
16265,102.07152777770534
16265,48.044444444123656
16265,67.05833333358169
16265,34.109722222201526
16266,0.00277777761220932
16266,5.929166666697711
16266,24.143750000279397
16266,39.831249999813735
16266,20.975000000093132
16266,42.00555555569008
16268,0.0
16271,215.78194444440305
16271,16.26458333292976
16271,110.7701388890855
16271,13.02291666669771
16279,89.19166666688398
16279,65.94027777761221
16283,55.944444444496185
16283,31.988194444216788
16283,52.07569444458932
16283,62.92986111110076
16284,19.095833333209157
16293,97.82152777770534
16293,62.069444444496185
16293,0.00069444440305233
16293,115.9048611111939
16293,0.0
16293,42.188888888806105
16293,0.0
16293,0.00069444440305233
16293,27.802777777891606
16295,6.105555555783212
16295,34.02638888871297
16295,14.765277777798474
16298,134.99444444430992
16298,29.084027777891606
16303,217.8666666666977
16303,89.98958333348855
16306,30.11111111100763
16306,35.672222222201526
16306,5.078472222201526
16306,2.1569444444030523
16306,80.85208333330229
16308,43.92847222229466
16308,109.90902777761221
16308,70.02222222229466
16309,134.1590277776122
16311,31.820138888899237
16313,46.165277778171
16316,80.89583333348855
16316,0.011111110914498568
16316,2.0
16316,68.94791666651145
16316,44.15277777798474
16316,5.003472222015262
16316,92.96250000037253
16317,135.7402777778916
16317,42.1875
16320,40.995833333116025
16321,18.118055555503815
16321,0.0062500000931322575
16321,232.96944444440305
16321,0.020138889085501432
16322,35.047222222201526
16324,48.936111111193895
16324,0.00277777761220932
16325,90.18333333311602
16325,108.79444444458932
16326,20.938888888806105
16326,99.0812500002794
16326,41.03888888889924
16326,0.051388888619840145
16326,13.825000000186265
16326,42.006944444496185
16326,21.063194444403052
16326,20.966666666790843
16326,13.963888888712972
16326,14.011805555317551
16326,14.024305555969477
16326,18.024999999906868
16326,9.92638888861984
16327,53.96875
16327,45.12013888871297
16327,70.96458333358169
16327,118.97222222201526
16327,66.00208333320916
16330,0.0013888892717659473
16330,94.80138888861984
16332,153.97986111138016
16332,20.987499999813735
16332,58.05138888861984
16332,11.012500000186265
16332,16.995138888712972
16332,15.977777778171003
16333,11.022222222294658
16333,6.950694444123656
16333,11.101388888899237
16333,27.987500000279397
16333,0.00138888880610466
16333,0.00069444440305233
16333,0.00208333320915699
16333,0.00138888880610466
16333,0.020138889085501432
16333,11.886111110914499
16333,0.0013888892717659473
16333,14.203472222201526
16333,33.93819444440305
16333,0.00069444440305233
16333,0.0
16333,68.92847222229466
16333,24.88402777770534
16333,32.18124999990687
16333,30.095138888806105
16333,28.854166666977108
16333,0.00138888880610466
16341,115.94652777770534
16341,60.88055555569008
16341,0.00069444440305233
16342,34.146527777891606
16342,37.78194444440305
16342,32.25625000009313
16343,0.0013888892717659473
16347,25.009027778171003
16348,0.004166666883975267
16348,49.07430555531755
16348,62.90694444440305
16348,49.959027777891606
16348,41.083333333488554
16348,4.96875
16350,248.37847222201526
16350,20.620833333581686
16350,43.256944444496185
16352,20.074999999720603
16353,10.01388888899237
16353,2.033333333209157
16353,3.0340277776122093
16353,15.936805555596948
16353,6.902083333581686
16353,22.3548611109145
16353,14.021527777891606
16353,24.709027777891606
16353,52.92708333302289
16353,0.00069444440305233
16353,75.08055555587634
16353,39.05069444421679
16353,11.957638889085501
16353,3.9624999999068677
16353,18.947916666511446
16353,22.17847222229466
16353,13.980555555783212
16353,0.00069444440305233
16353,14.845138888806105
16353,0.0
16353,10.057638888712972
16353,4.0145833333954215
16354,9.916666666511446
16356,49.98680555541068
16356,29.98541666660458
16357,51.26111111138016
16357,128.9673611111939
16358,104.946527778171
16358,15.876388888806105
16358,62.17986111110076
16359,28.97152777761221
16359,28.015972222201526
16359,31.043055555783212
16359,29.059027777519077
16359,38.222916666883975
16359,81.74444444430992
16359,29.03402777761221
16359,58.16944444458932
16360,7.972916666418314
16360,13.96597222238779
16360,28.018055555410683
16360,18.963888889178634
16360,15.013888888526708
16361,31.00277777807787
16361,15.963888888712972
16361,15.004861111287028
16362,0.009027777705341578
16362,0.00208333320915699
16362,31.97083333367482
16362,26.944444444030523
16364,125.86944444430992
16365,7.879861111287028
16365,106.2284722221084
16365,102.8847222221084
16365,0.004166666883975267
16365,9.715277777984738
16365,17.243055555503815
16365,85.97083333320916
16365,19.82708333339542
16367,325.04999999981374
16368,25.919444444123656
16369,116.06736111128703
16369,62.214583333581686
16370,42.79444444458932
16370,65.04999999981374
16370,35.12430555559695
16372,0.012500000186264515
16374,196.06597222248092
16376,8.785416666418314
16378,13.909722222015262
16378,49.19097222248092
16379,41.18819444440305
16379,19.057638888712972
16379,14.007638888899237
16383,193.98958333348855
16384,174.04583333339542
16385,208.0395833333023
16385,97.97152777761221
16386,225.00624999962747
16389,77.92222222220153
16389,127.0826388890855
16389,24.94930555531755
16393,6.947222222108394
16393,68.00138888927177
16393,55.14583333302289
16393,23.90347222238779
16393,30.038888888899237
16393,28.927083333488554
16393,13.98333333292976
16393,48.04305555578321
16393,41.99097222229466
16393,28.97222222201526
16393,12.07986111100763
16393,8.953472222667187
16394,41.16180555569008
16394,76.93819444440305
16394,99.04097222257406
16394,15.810416666325182
16395,6.939583333209157
16395,155.19791666651145
16395,89.84583333367482
16395,18.044444444123656
16398,99.23472222220153
16399,216.10138888889924
16401,33.083333333488554
16401,40.88263888889924
16401,31.10277777770534
16401,12.006250000093132
16401,48.03055555559695
16401,30.949999999720603
16401,44.98194444458932
16401,41.04583333339542
16401,19.844444444403052
16401,11.15625
16401,13.220833333209157
16402,104.94652777770534
16405,7.927777777891606
16407,15.040277777705342
16407,11.836805555503815
16407,43.07916666660458
16407,48.06180555559695
16407,55.87291666679084
16407,28.10763888899237
16407,0.0
16407,35.972916666418314
16407,61.90555555559695
16409,75.09791666688398
16409,91.90625
16409,62.964583333116025
16409,51.11041666660458
16411,349.9979166663252
16414,258.84375
16416,13.081944444682449
16416,16.88680555531755
16418,133.73680555541068
16418,48.08611111110076
16419,36.10000000009313
16419,106.88263888889924
16419,0.14791666669771075
16419,39.759722222108394
16419,16.115277777891606
16422,9.05416666669771
16422,5.783333333209157
16422,17.254166666883975
16422,3.7062499998137355
16422,8.04861111100763
16422,7.986111111473292
16422,0.00069444440305233
16422,6.072916666511446
16422,5.863194444682449
16422,7.100694444030523
16422,8.946527778171003
16422,5.024305555503815
16422,6.099305555224419
16422,0.0006944448687136173
16422,9.907638888806105
16422,2.1645833333022892
16422,10.919444444123656
16422,5.955555555876344
16422,0.9944444443099201
16422,13.890277777798474
16422,9.28125
16422,6.613888889085501
16422,8.030555555596948
16422,5.068055555224419
16422,5.129861111287028
16422,8.921527777798474
16422,6.013194444589317
16422,14.949305555317551
16422,5.000694444403052
16422,0.9986111111938953
16422,8.264583333395422
16422,4.967361111193895
16422,5.998611110728234
16422,7.832638889085501
16422,8.952777777798474
16422,8.009027777705342
16422,12.941666666883975
16422,8.138888888526708
16422,11.884027778171003
16422,6.147222221828997
16422,7.9520833333954215
16422,0.0
16422,8.888194444589317
16422,4.972222222015262
16422,7.1645833337679505
16422,9.213888888712972
16422,11.620138888712972
16422,6.207638889085501
16422,1.0208333334885538
16422,6.977777777705342
16426,183.8409722223878
16426,0.00555555522441864
16426,0.010416666977107525
16426,45.91527777770534
16426,11.216666666790843
16426,13.919444444123656
16426,13.976388888899237
16426,0.02708333358168602
16426,5.015972222201526
16427,21.077777777798474
16431,0.00416666641831398
16431,84.00069444440305
16434,41.981944444123656
16434,65.1152777778916
16434,95.92847222229466
16434,48.97500000009313
16434,13.970833333209157
16434,4.11944444430992
16438,39.26736111100763
16438,6.995833333581686
16438,9.65902777761221
16438,20.966666666790843
16440,148.03125
16440,14.94583333330229
16440,22.100000000093132
16440,21.906944444403052
16441,224.00902777770534
16442,133.04513888899237
16442,225.99444444430992
16444,69.95069444458932
16444,99.14166666660458
16444,48.97430555569008
16446,204.97430555522442
16449,82.92361111147329
16454,19.779861111193895
16455,0.00069444440305233
16455,10.012500000186265
16455,105.65277777751908
16455,51.114583333488554
16455,109.97083333320916
16455,31.063194444868714
16456,66.8874999997206
16456,78.92708333348855
16456,124.09861111128703
16456,4.072222222108394
16458,55.955555555876344
16458,20.120138888712972
16458,24.7923611109145
16458,24.195138888899237
16458,17.97986111138016
16458,29.97430555522442
16458,17.10486111138016
16458,32.04444444458932
16458,14.853472222108394
16458,17.143749999813735
16458,17.940972222480923
16458,16.0111111109145
16458,19.77569444430992
16458,14.247916666790843
16458,9.793055555783212
16458,13.922916666604578
16458,12.049305555410683
16460,9.08819444430992
16460,44.058333333116025
16462,98.08958333311602
16462,111.9701388888061
16463,150.98472222220153
16463,1.0618055555969477
16463,30.92291666660458
16464,61.99236111110076
16464,60.93680555559695
16466,83.99722222238779
16466,28.00833333330229
16466,63.02777777751908
16466,14.02847222238779
16466,48.990277777891606
16466,20.945138888899237
16469,0.0034722224809229374
16469,159.11180555541068
16469,63.85277777770534
16470,165.9902777778916
16470,77.00069444440305
16470,64.0215277778916
16473,49.12222222238779
16473,122.80486111110076
16474,56.052083333488554
16474,0.00208333320915699
16474,22.933333333581686
16474,15.902777777519077
16474,33.07708333339542
16474,9.956944444682449
16475,111.24722222238779
16475,18.814583333209157
16475,55.1451388890855
16477,19.035416666883975
16477,32.8236111109145
16477,45.18124999990687
16477,60.03750000009313
16477,82.92152777779847
16477,67.87291666679084
16478,0.9520833333954215
16478,39.20694444468245
16479,0.024999999906867743
16484,17.060416666790843
16488,33.888194444123656
16488,81.19236111128703
16493,44.30972222238779
16493,111.9812499997206
16493,93.82986111147329
16495,0.00069444440305233
16495,272.8618055554107
16496,109.04583333339542
16496,198.9881944442168
16497,15.060416666790843
16497,49.8125
16497,65.15208333311602
16497,0.00138888880610466
16497,153.87291666679084
16498,0.8020833334885538
16499,4.127777777612209
16500,294.1694444445893
16500,0.00069444440305233
16500,14.771527777425945
16500,5.218055555596948
16500,11.906944444403052
16503,29.94583333330229
16503,116.1361111109145
16503,107.83194444468245
16506,20.85208333376795
16511,121.97569444449618
16511,122.99444444430992
16513,23.94652777770534
16513,10.969444444403052
16513,3.890972222201526
16515,64.91875000018626
16515,96.00277777761221
16515,58.99930555559695
16515,39.07986111100763
16518,222.93611111072823
16519,340.0645833336748
16520,126.04583333339542
16520,52.96527777751908
16523,47.910416666418314
16523,11.077777777798474
16523,17.938194444403052
16523,0.00069444440305233
16523,23.089583333581686
16523,0.00069444440305233
16523,15.82638888899237
16523,22.211805555503815
16523,22.990277777425945
16523,12.96041666669771
16523,26.09583333367482
16523,19.779861110728234
16523,6.183333333581686
16523,10.000694444403052
16523,21.781944444403052
16523,0.00069444440305233
16523,25.001388888806105
16523,17.22430555569008
16523,11.88333333330229
16523,1.9173611113801599
16525,7.855555555783212
16525,27.367361111100763
16525,22.765277777798474
16525,2.113194444216788
16525,11.009722222574055
16525,12.034722222015262
16525,7.865972222294658
16525,14.874305555596948
16525,18.17361111100763
16525,25.14722222229466
16525,3.8687499999068677
16525,8.770138889085501
16525,8.129166666418314
16525,7.1354166669771075
16525,4.751388888806105
16525,21.0423611109145
16525,6.1687500001862645
16525,18.9486111109145
16525,20.978472222108394
16525,18.30416666669771
16525,16.683333333581686
16525,2.976388888899237
16525,42.14513888861984
16525,20.90347222238779
16525,14.137500000186265
16531,41.989583333488554
16531,24.05347222229466
16531,167.0652777776122
16531,52.97777777770534
16531,36.953472222201526
16531,15.092361111193895
16532,202.91944444458932
16532,118.01874999981374
16533,13.947222222108394
16533,34.970138888806105
16539,15.043055555317551
16539,138.71527777798474
16539,216.95069444412366
16546,81.96736111072823
16549,210.06944444449618
16549,34.92708333302289
16549,29.027083333581686
16549,14.939583333209157
16549,14.032638888806105
16549,13.092361111193895
16549,0.004861111287027597
16549,7.931249999906868
16549,0.019444444682449102
16550,132.98402777779847
16550,50.00347222201526
16550,21.080555555876344
16550,55.82013888889924
16551,206.08611111110076
16551,34.881944444496185
16552,130.89444444468245
16553,0.0006944448687136173
16553,55.92569444421679
16553,29.91527777770534
16553,0.185416666790843
16553,41.89861111110076
16553,0.2638888889923692
16553,26.768055555410683
16553,0.00069444440305233
16553,42.1125000002794
16553,0.00069444440305233
16553,0.00069444440305233
16554,109.06666666641831
16554,180.02361111110076
16555,74.08263888861984
16556,65.05347222229466
16556,49.975694444496185
16556,43.8861111109145
16556,39.03055555559695
16556,56.9888888890855
16556,38.984722222201526
16557,113.02499999990687
16558,9.151388888712972
16558,37.765277777798474
16558,17.16180555569008
16558,28.77569444430992
16558,10.228472222574055
16558,9.005555555224419
16558,8.841666666790843
16558,12.135416666511446
16558,40.881944444496185
16558,16.286111111287028
16558,37.81180555559695
16558,17.013194444589317
16558,29.038888888899237
16558,13.763888888526708
16558,15.237500000279397
16558,13.974305555224419
16558,11.956944444682449
16558,15.198611110914499
16558,21.70138888899237
16560,331.83263888861984
16561,54.081249999813735
16566,99.91875000018626
16566,22.24444444430992
16566,113.79444444412366
16566,41.29583333339542
16567,142.18472222192213
16570,41.21111111110076
16570,65.03888888889924
16570,39.70694444421679
16570,3.0145833333954215
16570,35.17361111100763
16570,70.07152777770534
16570,0.00069444440305233
16570,24.95416666707024
16570,17.095833333209157
16571,105.14791666669771
16571,149.9388888888061
16572,124.0611111111939
16572,24.126388888806105
16573,205.74930555559695
16584,174.02152777742594
16589,54.853472222108394
16589,35.20138888899237
16592,35.06319444440305
16592,0.00069444440305233
16592,51.149305555503815
16592,0.00069444440305233
16592,0.00069444440305233
16592,17.84097222238779
16592,0.00069444440305233
16592,46.998611111193895
16592,0.00069444440305233
16592,86.10625000018626
16592,0.00069444440305233
16592,19.877083333209157
16592,18.074305555783212
16592,0.00277777761220932
16592,8.029166666790843
16593,138.00416666688398
16593,139.01666666660458
16596,350.7388888890855
16600,85.29652777779847
16600,178.79513888899237
16600,49.97708333330229
16600,7.827777777798474
16600,12.261111110914499
16603,16.87777777761221
16607,1.273611111100763
16607,54.006944444496185
16607,18.9263888890855
16607,29.066666666418314
16607,14.768750000279397
16607,33.0111111109145
16607,66.13055555569008
16607,11.887499999720603
16607,1.19305555569008
16607,54.913194444496185
16607,14.940972222480923
16607,21.05138888861984
16607,19.901388888712972
16609,32.03125
16609,23.109722222201526
16609,46.852777778171
16609,15.15902777761221
16609,47.827777777798474
16609,72.15902777761221
16612,125.0409722221084
16612,67.12152777798474
16612,86.71249999990687
16616,142.12013888871297
16618,63.140972222201526
16618,48.803472221829
16618,0.0013888892717659473
16618,179.13541666651145
16620,257.0708333333023
16621,61.96597222192213
16621,68.04305555578321
16621,95.99513888871297
16624,116.92986111110076
16626,81.93263888917863
16626,14.158333333209157
16626,1.839583333581686
16626,25.061111110728234
16626,16.038194444496185
16626,14.071527777705342
16626,33.807638889178634
16626,5.950694444123656
16626,5.100694444496185
16626,24.92083333339542
16626,3.1625000000931323
16626,9.103472222108394
16626,7.7041666666045785
16626,1.2833333336748183
16626,14.942361110821366
16626,6.901388889178634
16628,16.28402777761221
16628,82.76041666651145
16628,29.091666666790843
16628,77.02361111110076
16629,22.765277777798474
16633,53.88333333330229
16633,66.09930555569008
16633,36.061111110728234
16633,38.947222222574055
16633,21.970833333209157
16634,149.76944444468245
16637,102.06944444449618
16637,62.98055555578321
16637,28.072916666511446
16638,9.102777777705342
16638,30.052083333488554
16638,38.79027777770534
16638,12.979166666511446
16638,20.299305555876344
16638,144.86041666660458
16638,5.965972221922129
16638,7.238194444682449
16638,76.74652777751908
16639,29.027083333116025
16639,175.13194444449618
16642,202.95555555541068
16644,34.990277777425945
16647,35.09444444440305
16652,33.026388889178634
16652,27.95763888861984
16652,102.92291666707024
16652,0.00069444440305233
16652,50.94097222201526
16652,0.00208333320915699
16653,55.05069444421679
16654,133.02361111110076
16654,47.95486111100763
16654,46.03125
16655,145.8979166666977
16655,54.32083333330229
16655,55.96249999990687
16655,45.02222222229466
16655,12.844444444403052
16656,24.958333333022892
16656,48.012500000186265
16656,25.132638888899237
16656,38.96388888871297
16656,34.859722222201526
16656,42.029861111193895
16656,7.2666666666045785
16656,20.942361111287028
16656,1.9881944442167878
16656,24.760416666977108
16656,16.023611111100763
16656,36.95694444421679
16656,12.144444444682449
16656,8.099305555224419
16657,105.98819444468245
16657,125.02291666669771
16657,13.979166666511446
16660,108.91666666651145
16660,194.08194444468245
16660,0.09097222192212939
16667,216.1034722221084
16668,70.15902777761221
16668,31.8013888890855
16668,44.08819444430992
16668,21.93472222238779
16668,101.22291666641831
16669,0.00347222201526165
16669,54.922222222201526
16670,25.95138888899237
16670,6.324999999720603
16670,43.79861111147329
16670,35.021527777425945
16670,74.91111111128703
16670,0.00069444440305233
16670,66.27777777798474
16670,48.847916666418314
16670,27.138194444589317
16670,13.688888888806105
16671,128.9250000002794
16671,7.172222222201526
16672,19.158333333209157
16672,5.970138888806105
16672,8.031944444403052
16672,7.839583333581686
16672,10.979861110914499
16672,10.238888889085501
16672,0.00069444440305233
16672,13.915277777705342
16672,5.96319444430992
16672,7.925000000279397
16672,0.00069444440305233
16672,12.03402777761221
16672,29.912500000093132
16672,7.209027777891606
16672,15.006944444030523
16672,13.010416666977108
16672,26.868749999906868
16672,36.913194444496185
16672,33.28125
16674,43.897222221829
16676,104.10555555578321
16676,19.984722222201526
16676,179.86874999990687
16678,32.166666666511446
16678,10.171527777798474
16678,20.847916666883975
16678,21.781944444403052
16678,52.18680555559695
16678,26.125
16678,20.76180555531755
16678,62.07916666707024
16678,24.87222222192213
16678,1.1687500001862645
16678,7.958333333488554
16681,25.799305555876344
16681,22.32986111100763
16681,60.728472222108394
16681,66.98819444468245
16681,5.046527777798474
16682,28.98611111100763
16682,66.19027777761221
16682,35.021527777891606
16682,52.85138888889924
16684,0.00138888880610466
16684,2.7513888888061047
16684,0.9187500001862645
16684,45.09652777761221
16684,13.160416666883975
16684,29.893749999813735
16684,0.00138888880610466
16684,25.874305555596948
16684,0.00069444440305233
16684,35.0187500002794
16684,0.00069444440305233
16684,0.00138888880610466
16684,67.09791666641831
16684,0.00069444440305233
16684,0.00069444440305233
16684,0.0006944448687136173
16684,5.081944444216788
16684,67.78750000009313
16684,0.00208333320915699
16684,0.00069444440305233
16684,14.095833333209157
16684,0.0
16684,14.875
16684,0.9291666666977108
16684,24.325000000186265
16684,0.00069444440305233
16684,6.938194444403052
16685,0.009722222108393908
16686,49.88541666697711
16686,67.08333333302289
16686,44.00833333330229
16686,90.93263888917863
16686,5.21319444430992
16686,50.84097222238779
16688,17.158333333209157
16688,33.04236111138016
16688,8.924999999813735
16689,6.923611111007631
16690,129.17291666660458
16692,32.961805555503815
16693,203.00277777807787
16696,34.84097222192213
16696,10.142361111473292
16696,67.97708333330229
16698,26.888194444589317
16700,49.82291666697711
16700,19.01458333339542
16700,37.03125
16700,25.012499999720603
16700,16.815972222480923
16700,17.232638888526708
16700,21.74097222229466
16700,29.191666666883975
16700,28.85833333339542
16700,40.98541666660458
16700,51.027083333116025
16700,21.034722222480923
16701,30.0
16701,33.04305555578321
16701,40.98819444421679
16701,51.938888888806105
16701,16.026388889178634
16701,16.02291666669771
16701,22.031944444403052
16701,0.009722222108393908
16701,21.952777777798474
16701,75.90694444440305
16701,9.106944444589317
16701,35.94375000009313
16705,0.00069444440305233
16705,47.10694444458932
16705,70.00833333330229
16705,0.00069444440305233
16705,33.933333333116025
16705,0.00069444440305233
16705,0.00069444440305233
16705,63.006944444496185
16705,45.88125000009313
16705,23.222222222480923
16705,0.939583333209157
16705,24.10277777770534
16705,0.00138888880610466
16705,10.950694444589317
16705,27.879166666418314
16705,0.00069444440305233
16705,0.0006944448687136173
16705,0.00069444440305233
16705,11.015972222201526
16706,15.908333333209157
16706,61.00625000009313
16709,36.06458333320916
16709,45.970138889271766
16709,0.00069444440305233
16709,114.96527777751908
16710,8.040277778171003
16710,83.91388888889924
16710,12.072916666511446
16710,51.05069444421679
16710,6.033333333674818
16710,68.9361111111939
16710,64.07916666660458
16710,54.87569444440305
16710,0.06527777761220932
16711,55.08541666669771
16711,161.98402777779847
16711,113.89444444421679
16711,23.195138888899237
16712,21.04027777770534
16712,42.96041666669771
16712,0.00347222201526165
16712,33.89444444468245
16712,49.02361111110076
16712,20.973611110821366
16712,13.159722222480923
16712,76.97916666651145
16712,0.0
16712,8.910416666883975
16713,11.993055555969477
16713,50.07152777770534
16713,9.811805555596948
16713,33.206249999813735
16713,13.975694444496185
16713,5.938194444403052
16713,5.939583333209157
16713,63.07291666697711
16713,28.90902777761221
16713,28.04791666660458
16713,42.06736111128703
16713,6.905555555596948
16713,43.166666666511446
16713,4.877083333209157
16714,0.00416666641831398
16714,98.89097222220153
16716,44.76944444468245
16717,193.74027777742594
16717,10.052083333488554
16717,66.94305555569008
16717,63.265972222201526
16717,8.80972222192213
16719,29.990277777425945
16719,49.97152777807787
16719,52.96527777751908
16719,86.98125000018626
16719,74.03125
16719,59.9499999997206
16722,2.1104166666045785
16722,78.00069444440305
16722,60.70416666707024
16722,27.138194444123656
16722,16.9263888890855
16722,27.304861111100763
16722,15.72430555569008
16722,34.072916666511446
16722,6.961805555503815
16722,33.9263888890855
16722,14.28402777761221
16722,33.86597222229466
16723,16.0625
16725,12.020833333022892
16725,0.004166666883975267
16725,19.9486111109145
16725,23.05902777798474
16725,7.888194444123656
16725,6.113888889085501
16726,66.9986111111939
16726,0.00208333320915699
16726,97.9798611109145
16726,170.07847222220153
16728,27.899999999906868
16728,70.03750000009313
16728,120.10972222220153
16729,6.003472222015262
16729,7.940972222480923
16729,0.00138888880610466
16729,9.927777777425945
16729,3.0888888891786337
16729,0.010416666511446238
16729,6.965277777984738
16729,7.111111111007631
16729,9.85763888899237
16729,8.04861111100763
16729,5.930555555503815
16729,19.007638888899237
16729,15.038888888899237
16729,8.99722222238779
16729,18.988194444216788
16729,15.162500000093132
16729,13.881944444496185
16729,14.96319444430992
16729,17.05694444430992
16729,15.022222222294658
16730,84.94444444449618
16730,182.0625
16734,0.00138888880610466
16734,61.94583333330229
16735,94.97152777761221
16735,140.92222222220153
16735,0.00069444440305233
16735,20.061111111193895
16743,84.03611111128703
16743,62.993055555503815
16743,55.98055555578321
16743,0.00486111082136631
16743,42.23541666660458
16743,83.79027777770534
16744,27.978472222108394
16744,48.89444444468245
16744,20.966666666790843
16744,28.031944444403052
16744,14.010416666511446
16744,22.029861111193895
16745,5.133333333302289
16745,10.909722222480923
16745,10.010416666511446
16745,10.977777777705342
16745,14.003472222480923
16745,14.034722222015262
16745,25.932638889178634
16745,9.02569444430992
16745,28.006944444496185
16745,4.961805555503815
16745,16.32430555531755
16745,18.71250000037253
16745,13.065972222015262
16745,11.094444444403052
16745,20.875
16745,11.950000000186265
16746,30.9576388890855
16746,35.009722222108394
16746,25.218055555596948
16746,31.825694444589317
16746,0.02986111119389534
16746,14.979861110914499
16746,26.140277777798474
16746,32.85694444458932
16746,17.12847222201526
16746,24.93472222238779
16746,18.8125
16746,15.371527777519077
16746,9.865972222294658
16746,39.0513888890855
16746,11.842361111193895
16746,13.123611111193895
16746,6.886111110914499
16747,30.054861111100763
16748,25.0423611109145
16748,91.85763888899237
16748,180.14305555541068
16748,19.80902777798474
16750,96.02361111110076
16750,14.890277777798474
16750,47.987499999813735
16750,28.92847222229466
16755,89.1347222221084
16755,111.97222222201526
16759,0.00069444440305233
16759,23.149305555503815
16762,98.89236111100763
16762,26.05972222192213
16764,11.764583333395422
16764,5.040972222108394
16764,27.17291666660458
16764,14.014583333395422
16764,12.811805555596948
16764,8.955555555876344
16764,21.061111110728234
16764,10.980555555783212
16764,9.996527777519077
16764,7.054166666697711
16764,4.90625
16764,6.007638888899237
16766,0.07500000018626451
16767,56.058333333116025
16767,41.06527777807787
16767,36.75902777770534
16767,47.00208333320916
16767,22.075694444589317
16767,19.856944444123656
16767,63.015972222201526
16767,0.0013888892717659473
16767,0.00069444440305233
16767,0.00069444440305233
16768,168.0124999997206
16768,55.99652777798474
16770,13.99722222238779
16770,44.92083333339542
16770,76.95694444421679
16770,178.9805555557832
16771,28.02777777798474
16771,34.97152777761221
16771,200.03888888889924
16771,41.941666666883975
16774,36.01666666660458
16774,25.99166666669771
16774,48.9888888890855
16775,37.00208333367482
16775,39.00833333330229
16775,85.8222222221084
16775,42.203472222201526
16775,1.980555555317551
16775,28.00833333376795
16775,10.972916666418314
16775,50.05763888871297
16775,14.950000000186265
16775,46.99930555559695
16777,176.96319444430992
16778,199.93541666679084
16779,4.104166666511446
16779,26.013194444589317
16779,4.899305555503815
16779,19.193750000093132
16779,7.969444444403052
16779,27.850000000093132
16779,10.041666666511446
16779,23.03958333330229
16779,24.024999999906868
16779,36.14722222229466
16779,7.715277777984738
16779,12.20763888861984
16779,13.892361111473292
16779,42.92638888861984
16779,35.26458333339542
16779,38.97500000009313
16779,6.696527777705342
16779,6.078472222201526
16779,4.926388889085501
16779,12.239583333022892
16779,0.00138888880610466
16780,158.94097222201526
16782,5.998611111193895
16782,42.941666666883975
16782,39.27569444430992
16782,7.914583333302289
16782,44.08541666669771
16782,20.853472222108394
16782,46.873611111193895
16782,19.220138888806105
16782,60.75208333320916
16782,42.19236111128703
16782,17.82638888899237
16782,7.1437499998137355
16788,131.0749999997206
16790,4.113194444216788
16790,1.0923611111938953
16790,3.6965277777053416
16790,12.23263888899237
16790,12.886111110914499
16791,68.94166666641831
16791,49.96249999990687
16791,0.0013888892717659473
16791,90.99722222192213
16791,62.111805555876344
16791,31.13124999962747
16792,0.00138888880610466
16794,0.8604166666045785
16794,31.353472222108394
16794,39.76944444468245
16794,19.08263888861984
16794,41.95208333339542
16794,20.90833333367482
16794,0.0076388888992369175
16794,16.004166666418314
16794,9.213888888712972
16801,71.9277777778916
16801,8.959722222294658
16801,29.179861111100763
16804,247.03750000009313
16804,0.00069444440305233
16805,186.90833333367482
16806,18.802777777425945
16806,50.85486111138016
16806,66.15347222192213
16807,55.075000000186265
16807,73.01805555541068
16808,175.02013888861984
16809,53.89791666669771
16809,72.06319444440305
16809,74.93055555550382
16809,38.12569444440305
16811,12.76388888899237
16813,12.946527777705342
16813,18.010416666511446
16813,27.947222222574055
16813,14.011111110914499
16813,18.095833333209157
16813,16.89444444468245
16813,18.109722222201526
16813,28.0625
16813,41.94652777770534
16814,30.126388888806105
16814,8.920833333395422
16814,4.995138888712972
16814,9.084722222294658
16814,6.8624999998137355
16814,15.069444444496185
16814,38.06458333320916
16814,14.950694444589317
16814,15.920833333395422
16814,20.047222222201526
16814,12.91458333330229
16814,16.134722222108394
16814,20.915972222574055
16814,25.1673611109145
16814,21.82916666660458
16814,20.93472222238779
16814,23.179861111100763
16814,17.877083333209157
16814,23.050000000279397
16814,9.024999999906868
16816,44.94375000009313
16816,163.80555555550382
16816,46.1361111109145
16817,8.8125
16817,86.02847222238779
16817,14.125
16817,10.863194444216788
16817,30.311805555596948
16817,32.682638889178634
16817,153.10694444412366
16817,29.933333333581686
16818,4.168055555783212
16818,9.85763888899237
16818,8.135416666511446
16818,35.782638888806105
16818,11.08541666669771
16818,10.004166666883975
16818,20.138194444123656
16818,12.952083333395422
16818,21.95694444468245
16818,60.87708333320916
16824,148.959722221829
16825,147.08819444430992
16828,19.07361111138016
16832,14.024305555503815
16832,19.03402777761221
16833,74.82638888852671
16833,0.00069444440305233
16833,258.2402777778916
16835,244.85763888899237
16836,76.8937500002794
16837,5.05694444430992
16837,6.995833333581686
16837,13.083333333022892
16837,7.94305555569008
16837,15.037500000093132
16837,0.00069444440305233
16837,0.00069444440305233
16837,39.936111111193895
16837,98.07152777770534
16837,28.109722222201526
16838,90.92499999981374
16839,32.944444444496185
16839,7.231944444589317
16839,6.997222221922129
16839,17.784722222480923
16839,8.934027777519077
16839,12.251388888806105
16839,15.894444444682449
16839,6.146527777891606
16839,7.897916666697711
16839,39.00902777770534
16839,10.13888888899237
16839,7.697916666511446
16839,10.950694444589317
16839,13.30972222192213
16839,0.00069444440305233
16839,10.87777777807787
16839,10.96875
16839,10.001388888806105
16839,8.929861111100763
16839,10.097222222015262
16839,11.912500000093132
16839,21.174999999813735
16839,8.024305555969477
16839,5.98888888861984
16839,10.850694444496185
16839,7.1749999998137355
16839,18.761805555783212
16839,1.9201388889923692
16839,5.02013888861984
16839,7.193750000093132
16839,1.1409722222015262
16839,13.679861111100763
16839,0.00069444440305233
16841,73.90277777751908
16841,28.17916666669771
16841,14.924999999813735
16841,33.01111111138016
16841,100.94791666651145
16842,147.1138888890855
16842,54.71319444430992
16843,36.825000000186265
16843,48.98333333339542
16843,36.161111110821366
16843,0.00138888880610466
16843,7.970138889271766
16843,21.000694444403052
16843,0.00069444440305233
16843,26.86597222229466
16843,0.00069444440305233
16843,15.102777777705342
16843,38.80624999990687
16843,2.0638888888061047
16843,28.193750000093132
16843,0.00069444440305233
16843,22.729166666977108
16851,9.114583333488554
16851,38.040972222108394
16852,165.8979166666977
16855,19.813888888806105
16859,116.94444444449618
16861,98.72708333330229
16863,335.2694444442168
16866,8.902777777984738
16866,11.99444444430992
16869,9.96875
16869,114.01250000018626
16869,28.97777777770534
16871,15.047222222201526
16871,0.00208333320915699
16871,45.001388889271766
16871,121.17708333302289
16871,67.14444444468245
16872,79.04583333292976
16872,28.018750000279397
16873,118.99236111110076
16873,47.79791666660458
16873,70.20138888899237
16873,65.86597222229466
16873,56.98958333302289
16875,43.098611110821366
16875,0.0020833336748182774
16875,151.94374999962747
16875,77.08194444468245
16877,56.00347222248092
16877,111.99791666679084
16877,14.006249999627471
16877,6.902777777984738
16877,6.988194444682449
16880,15.842361111193895
16880,0.00208333320915699
16880,20.975000000093132
16880,26.056249999906868
16880,26.90000000037253
16880,69.00763888889924
16882,77.87013888917863
16882,172.83749999990687
16883,184.09583333367482
16884,0.06666666641831398
16885,305.87430555559695
16885,35.97083333320916
16889,93.02569444430992
16889,48.98680555541068
16891,230.02708333311602
16891,45.970138888806105
16891,59.09652777807787
16891,34.89236111100763
16892,154.0611111111939
16892,14.002083333209157
16892,14.006250000093132
16892,0.00208333320915699
16897,14.131944444496185
16898,191.04999999981374
16898,151.0895833335817
16899,153.1125000002794
16899,57.819444444496185
16899,59.959722221829
16899,70.16388888889924
16899,11.897222222294658
16900,43.95555555541068
16900,2.929861111100763
16904,0.00069444440305233
16904,42.922222222201526
16904,26.10833333339542
16904,37.91458333330229
16904,35.126388888806105
16904,47.91111111128703
16904,11.947916666511446
16904,3.009722222108394
16904,15.144444444682449
16904,16.850694444496185
16904,9.19583333330229
16904,12.793055555317551
16904,14.030555555596948
16904,65.05624999990687
16904,24.975000000093132
16905,111.36666666669771
16905,23.665972222108394
16905,189.16180555569008
16905,27.92361111100763
16905,0.0027777780778706074
16905,14.016666666604578
16906,42.98958333302289
16906,18.867361111100763
16906,105.11458333348855
16907,74.92222222220153
16907,55.99722222238779
16907,86.11666666669771
16907,119.01388888852671
16910,4.996527777519077
16910,8.02291666669771
16910,0.9375
16910,14.00277777807787
16910,11.009027777705342
16910,43.04444444458932
16910,4.929166666697711
16912,32.768749999813735
16912,0.0
16912,83.02222222229466
16912,0.00138888880610466
16912,73.16041666688398
16912,0.00069444440305233
16912,66.91388888889924
16912,0.00069444440305233
16912,0.0
16912,38.990277777891606
16915,35.16388888889924
16915,79.84930555522442
16915,41.11944444477558
16915,83.12777777761221
16915,35.02222222229466
16916,348.9541666666046
16918,157.7923611109145
16918,64.0500000002794
16918,32.092361111193895
16918,0.00208333320915699
16918,13.86388888861984
16919,8.057638888712972
16919,111.8847222221084
16919,7.162500000093132
16919,6.870833333581686
16919,8.060416666325182
16919,8.990972222294658
16919,17.99722222238779
16919,7.075694444123656
16919,13.859027777798474
16919,22.07083333330229
16923,27.96875
16923,21.034722222480923
16923,35.01180555531755
16923,20.981944444589317
16923,22.049999999813735
16923,19.95416666660458
16923,8.97152777807787
16923,7.296527777798474
16923,11.752083333209157
16923,0.0062500000931322575
16923,13.964583333116025
16923,20.98263888899237
16923,53.165972222108394
16923,30.851388888899237
16923,28.018750000279397
16923,13.967361110728234
16923,14.091666666790843
16923,0.009027777705341578
16924,19.94930555531755
16924,43.0500000002794
16927,85.05833333311602
16927,160.90902777807787
16928,50.90694444440305
16928,20.95138888899237
16928,49.067361110821366
16928,17.12708333367482
16928,19.804861111100763
16928,25.05972222192213
16928,12.020138889085501
16928,14.00277777761221
16928,15.969444444403052
16928,21.945138888899237
16928,6.122222222387791
16928,7.03680555569008
16928,11.99722222192213
16928,6.911111111287028
16928,8.086111111100763
16928,5.984027777798474
16929,27.981944444589317
16929,55.87708333320916
16929,35.12847222248092
16929,13.856249999720603
16929,5.279166666790843
16929,13.709027777891606
16930,0.00416666641831398
16930,42.07083333330229
16931,12.086805555503815
16931,36.94027777807787
16931,28.07083333330229
16931,35.018749999813735
16931,13.912500000093132
16931,20.952777777798474
16931,21.019444444216788
16931,6.994444444775581
16931,21.021527777425945
16931,13.98263888899237
16931,14.023611111100763
16931,13.947916666977108
16931,28.14513888861984
16931,27.944444444496185
16931,14.004861111287028
16931,0.00277777761220932
16931,13.97708333330229
16931,7.96875
16931,20.112499999813735
16931,13.938888889271766
16933,237.97291666688398
16934,0.010416666977107525
16938,128.1548611111939
16938,0.9215277777984738
16938,170.95555555541068
16940,120.03194444440305
16940,117.00138888927177
16942,8.014583333395422
16942,0.008333333302289248
16942,30.049305555410683
16942,12.94861111138016
16942,20.209722221828997
16942,19.80972222238779
16942,102.94930555578321
16942,21.038888888899237
16943,57.05486111110076
16943,49.859722222201526
16945,52.885416666511446
16945,0.00069444440305233
16945,29.970138889271766
16945,0.00069444440305233
16945,20.075694444123656
16945,53.82013888889924
16945,0.00069444440305233
16945,36.8638888890855
16945,0.00069444440305233
16945,31.152083333581686
16945,19.863194444216788
16945,15.032638888806105
16945,13.19027777807787
16945,27.054861111100763
16945,0.00069444440305233
16945,26.85833333339542
16945,0.0
16945,9.972916666418314
16948,63.89444444468245
16948,123.18055555550382
16949,62.00902777770534
16949,36.0
16949,32.92361111100763
16949,145.05625000037253
16949,36.96666666632518
16950,242.92361111100763
16950,67.81666666688398
16951,167.86111111100763
16951,2.0187499998137355
16952,0.0034722224809229374
16954,88.89166666660458
16954,16.143750000279397
16954,129.97430555522442
16954,64.09444444440305
16954,43.92361111147329
16954,0.014583332929760218
16954,9.211111111100763
16954,6.708333333488554
16955,4.879861111287028
16955,32.21111111110076
16955,151.78750000009313
16957,42.18819444440305
16960,191.99513888917863
16960,21.99166666669771
16966,36.046527777798474
16966,6.863194444682449
16966,27.124305555596948
16966,125.81041666632518
16966,28.944444444496185
16966,7.185416666790843
16968,103.17430555541068
16969,57.072222222108394
16969,94.97083333320916
16979,149.98541666660458
16979,96.1263888888061
16979,22.190972222480923
16979,11.86388888861984
16979,13.959027777891606
16980,36.151388889178634
16983,49.125
16983,48.91805555578321
16983,90.96805555513129
16983,83.92361111147329
16983,70.03680555522442
16983,14.011805555783212
16984,41.83749999990687
16985,45.06319444440305
16985,44.92708333302289
16985,0.0006944448687136173
16985,56.947222222108394
16985,0.00138888880610466
16985,54.015277777798474
16985,69.17013888899237
16985,70.95902777742594
16985,0.03750000009313226
16986,0.8354166666977108
16987,25.968055555596948
16987,9.065972222015262
16987,115.97569444449618
16987,0.011111111380159855
16987,12.042361110914499
16987,39.0
16989,52.197222222108394
16989,19.015277777798474
16989,15.954166666604578
16989,48.18125000037253
16989,7.96319444430992
16992,84.94652777770534
16992,100.97916666651145
16992,62.14444444468245
16992,25.98055555531755
16996,0.07430555578321218
16996,83.96944444440305
16996,23.938194444403052
16996,124.06805555569008
16996,91.08958333311602
16997,16.143055555876344
16997,21.09097222192213
16998,99.94583333330229
16998,0.00416666641831398
16998,54.8013888890855
16999,50.92361111100763
17001,39.26666666660458
17001,38.765277777798474
17001,35.07291666697711
17001,37.87222222192213
17001,34.28125
17001,59.97361111128703
17001,21.885416666511446
17001,45.020833333488554
17001,24.104166666511446
17001,21.759722222108394
17002,74.98263888899237
17002,130.05486111110076
17004,46.089583333581686
17006,44.22708333330229
17006,12.834722222294658
17006,13.934027777984738
17007,0.00069444440305233
17007,142.83680555596948
17007,13.057638888712972
17007,46.28333333320916
17007,104.68958333367482
17014,34.135416666511446
17014,23.970833333209157
17015,114.17847222229466
17015,42.714583333116025
17017,0.00069444440305233
17017,5.052083333488554
17017,2.168055555317551
17017,4.96319444430992
17017,71.97986111138016
17017,22.061805555596948
17017,1.7868055552244186
17017,23.967361111193895
17017,36.09722222248092
17017,0.00069444440305233
17017,42.109027777798474
17017,0.00069444440305233
17017,0.00069444440305233
17017,89.78611111128703
17017,28.194444444030523
17017,21.052083333488554
17017,6.969444444403052
17017,6.768750000279397
17017,7.009722222108394
17018,285.12222222192213
17019,37.953472222201526
17019,68.97777777770534
17019,250.07638888899237
17024,58.243055555503815
17024,53.93472222238779
17025,0.00069444440305233
17025,312.7222222224809
17026,184.07013888889924
17027,32.9888888890855
17027,0.9590277778916061
17027,104.02777777751908
17027,100.94375000009313
17027,0.00069444440305233
17029,126.00625000009313
17031,143.03125
17033,145.11111111100763
17033,127.93958333367482
17034,207.92847222229466
17034,63.282638888806105
17035,65.95555555587634
17041,251.9236111114733
17041,82.0611111111939
17042,50.80694444477558
17042,41.990277777425945
17042,33.137500000186265
17042,118.96319444430992
17043,87.9576388890855
17043,126.87777777761221
17043,19.192361111287028
17045,91.12986111082137
17045,43.07916666660458
17047,0.00069444440305233
17047,119.85833333339542
17048,48.799999999813735
17048,164.9902777778916
17049,61.02916666632518
17049,0.00069444440305233
17049,57.14861111110076
17049,39.98819444468245
17049,33.020833333488554
17049,31.024999999906868
17049,31.98541666660458
17049,18.895833333488554
17050,7.069444444496185
17050,13.995833333116025
17050,28.018749999813735
17050,63.029861111193895
17050,90.93263888917863
17054,10.05416666669771
17054,27.934027777519077
17054,69.87569444440305
17054,109.1236111111939
17058,40.188888888806105
17058,117.84930555522442
17059,108.98125000018626
17059,63.03680555522442
17059,87.09444444486871
17059,80.88194444403052
17061,0.047222222201526165
17061,4.936805555596948
17061,0.00416666641831398
17061,8.794444444589317
17061,8.27847222238779
17061,17.81041666632518
17061,23.97152777807787
17061,21.143055555410683
17061,36.899305555503815
17061,37.02777777798474
17062,4.026388888712972
17062,6.995833333581686
17062,44.9375
17063,0.00069444440305233
17063,126.00902777770534
17063,0.0006944448687136173
17063,105.92152777779847
17063,0.00069444440305233
17063,36.174999999813735
17064,144.76111111138016
17064,123.99444444430992
17068,10.04791666707024
17068,27.77291666669771
17068,18.10833333292976
17068,28.86597222229466
17068,19.190972222480923
17068,24.93194444430992
17068,14.083333333488554
17068,8.079166666604578
17068,13.006944444496185
17068,14.943055555224419
17068,41.00277777807787
17068,0.9645833331160247
17068,11.831250000279397
17068,25.057638888712972
17068,16.038194444496185
17068,10.00833333330229
17068,20.087499999906868
17068,14.90069444430992
17068,23.072916666977108
17068,13.975000000093132
17069,18.71597222192213
17069,111.9263888890855
17069,16.137500000186265
17069,71.12361111072823
17069,73.77777777798474
17069,3.96875
17069,49.365277777891606
17069,0.00138888880610466
17071,56.22986111138016
17071,13.948611110914499
17071,51.92083333339542
17071,53.22361111128703
17071,0.00069444440305233
17071,45.97708333330229
17071,28.836111111100763
17071,31.205555555410683
17073,27.060416666790843
17073,29.78402777761221
17073,35.03750000009313
17075,26.94861111138016
17075,37.07013888889924
17075,235.92430555541068
17076,90.95208333339542
17076,237.37083333311602
17078,0.019444444682449102
17080,247.03750000009313
17081,20.99166666669771
17082,285.0284722223878
17083,8.00555555569008
17083,186.1645833333023
17084,0.00347222201526165
17085,7.947222222108394
17085,55.069444444496185
17085,48.950000000186265
17085,127.11041666660458
17086,14.086805555503815
17086,12.828472222201526
17086,6.133333333302289
17086,6.024305555503815
17086,17.032638888806105
17088,70.98263888899237
17088,110.0527777778916
17088,44.15555555559695
17090,66.11319444421679
17090,60.74166666669771
17090,129.1958333333023
17090,9.99722222238779
17090,35.91527777770534
17090,48.03125
17091,43.03750000009313
17091,84.21041666669771
17091,54.82430555531755
17091,0.008333333302289248
17091,87.12847222248092
17091,0.0
17091,66.80624999990687
17091,29.018055555410683
17092,151.05486111110076
17092,38.8326388890855
17092,37.32083333330229
17095,35.11597222229466
17095,276.93680555559695
17096,118.2062500002794
17096,84.94930555531755
17096,42.96666666679084
17097,40.942361110821366
17097,209.08819444430992
17097,0.010416666977107525
17097,4.799305555410683
17097,10.1875
17097,90.03333333320916
17097,8.029166666790843
17100,0.0
17101,126.90347222238779
17101,21.91805555531755
17101,19.14236111100763
17105,147.04652777779847
17107,69.87777777761221
17107,53.274305555503815
17107,79.82013888889924
17107,41.9798611109145
17107,0.004166666883975267
17109,0.0034722224809229374
17109,187.90277777751908
17109,12.114583333488554
17109,0.04166666651144624
17109,2.988194444682449
17114,37.09097222238779
17114,48.02847222192213
17114,40.9888888890855
17114,42.07708333339542
17114,27.827777777798474
17114,105.06875000009313
17114,27.944444444496185
17115,50.75555555522442
17115,174.23333333339542
17119,56.15069444430992
17126,63.027083333116025
17126,147.06041666679084
17126,0.009722222108393908
17126,0.004166666883975267
17131,28.100694444496185
17131,0.00138888880610466
17131,14.023611111100763
17131,27.881250000093132
17133,19.96666666632518
17133,56.07430555578321
17133,102.93680555559695
17133,53.84652777761221
17133,18.118055555503815
17133,0.00208333320915699
17134,157.9145833333023
17135,82.03888888889924
17135,237.06944444449618
17135,14.93472222192213
17135,0.03472222248092294
17135,21.03472222201526
17135,0.19097222248092294
17139,29.1361111109145
17139,48.97500000009313
17139,0.00069444440305233
17139,34.9375
17139,0.00069444440305233
17139,53.0500000002794
17139,34.055555555503815
17139,24.146527777891606
17139,0.00208333320915699
17139,25.712499999906868
17139,23.0111111109145
17144,83.21319444477558
17146,95.06319444440305
17146,157.95347222220153
17147,105.05624999990687
17147,125.89305555587634
17147,58.17291666660458
17152,68.83055555541068
17152,0.0020833336748182774
17155,160.09444444440305
17157,168.7513888888061
17158,127.88124999962747
17158,200.2104166666977
17159,96.25486111128703
17159,53.78888888889924
17160,16.05416666669771
17160,66.88125000009313
17160,22.20972222229466
17160,26.918749999720603
17160,78.02291666669771
17162,28.09583333367482
17162,0.0
17162,31.91458333330229
17162,0.00069444440305233
17162,54.84652777761221
17162,0.00069444440305233
17162,0.00069444440305233
17162,59.29166666697711
17162,102.8125
17163,56.71041666669771
17164,60.79305555531755
17164,61.13819444458932
17164,71.9590277778916
17164,46.89166666660458
17164,0.00069444440305233
17164,0.00069444440305233
17166,165.0611111111939
17169,125.88125000009313
17173,14.793055555783212
17173,58.004861110821366
17173,0.09444444486871362
17173,15.0625
17173,28.773611111100763
17173,4.238194444216788
17173,5.001388888806105
17175,115.88333333330229
17175,39.25
17175,96.89097222220153
17179,129.0923611111939
17179,54.00763888889924
17180,74.9250000002794
17180,0.00208333320915699
17180,184.97638888889924
17181,316.09027777798474
17183,51.00486111128703
17183,13.95486111100763
17183,7.876388888806105
17183,10.13333333330229
17183,14.80972222238779
17186,13.894444444216788
17188,23.000694444403052
17188,23.993749999906868
17188,151.08472222229466
17188,0.00069444440305233
17188,134.90555555559695
17188,18.05416666669771
17189,253.0909722223878
17190,148.83611111110076
17191,0.00486111082136631
17191,0.0020833336748182774
17191,87.98749999981374
17191,88.90625
17191,97.0013888888061
17191,66.19652777770534
17193,0.013194444123655558
17193,90.01180555578321
17193,27.990277777891606
17193,0.07638888852670789
17193,13.015277777798474
17193,10.006250000093132
17194,86.99930555513129
17198,5.944444444496185
17198,341.8784722224809
17203,7.8916666666045785
17203,0.004166666883975267
17203,16.944444444496185
17203,0.06458333320915699
17203,0.00486111082136631
17204,22.118055555503815
17204,65.9673611111939
17204,0.00069444440305233
17211,6.959722222294658
17211,9.091666666325182
17211,89.01736111147329
17211,31.010416666511446
17211,52.94652777770534
17211,132.90902777807787
17211,21.03680555522442
17213,12.854861110914499
17213,37.18958333320916
17213,172.01458333339542
17213,3.054861111100763
17213,100.87430555559695
17213,0.08819444430992007
17214,49.97708333330229
17214,16.93402777798474
17214,43.140277777798474
17214,163.7895833333023
17214,25.077777777798474
17218,5.841666666790843
17218,7.162500000093132
17218,20.98541666660458
17218,120.07569444458932
17218,124.92499999981374
17218,18.067361111287028
17218,44.90347222192213
17218,14.956944444682449
17218,7.017361111007631
17220,51.86666666669771
17220,58.012500000186265
17220,48.06597222201526
17220,0.0062500000931322575
17220,49.84722222248092
17220,0.00416666641831398
17220,30.222222222480923
17220,27.018055555410683
17220,0.00208333320915699
17220,27.949305555783212
17220,24.961111111100763
17220,21.993749999906868
17220,0.004166666883975267
17221,28.830555555410683
17223,58.07569444458932
17227,111.94930555578321
17227,84.00694444403052
17227,102.2090277778916
17227,9.793055555783212
17227,42.024305555503815
17228,4.754166666883975
17228,56.06527777761221
17228,103.95833333348855
17228,120.03750000009313
17228,23.972916666418314
17228,38.020833333488554
17228,9.95763888861984
17229,46.05416666669771
17230,5.15069444430992
17230,0.0069444444961845875
17230,0.00208333320915699
17230,0.03541666688397527
17230,0.00069444440305233
17230,43.83263888861984
17230,46.17291666660458
17231,37.12569444440305
17231,25.92083333339542
17231,35.066666666883975
17231,47.968055555131286
17231,25.15069444477558
17231,63.853472222108394
17231,62.145833333488554
17231,39.87013888871297
17231,11.941666666883975
17232,11.997916666790843
17235,347.0923611111939
17236,44.043750000186265
17236,18.9375
17236,57.192361110821366
17236,62.99166666669771
17236,166.8423611111939
17237,11.08819444430992
17238,0.0034722224809229374
17238,48.92430555541068
17238,46.96666666679084
17238,19.162500000093132
17238,0.00069444440305233
17238,45.78055555559695
17238,4.138888888992369
17238,21.84097222192213
17238,28.080555555410683
17238,20.12708333367482
17238,51.92430555541068
17238,33.86666666669771
17238,22.066666666883975
17238,10.99444444430992
17238,10.165277777705342
17238,4.811111111193895
17242,72.07708333339542
17243,7.005555555224419
17243,7.006944444496185
17243,20.989583333488554
17243,14.006250000093132
17243,18.07083333330229
17243,16.934027777519077
17243,6.988194444682449
17243,21.01458333339542
17243,6.98888888861984
17243,14.003472222480923
17243,58.08749999990687
17243,20.004861110821366
17243,23.015277777798474
17243,22.007638888899237
17243,20.98819444468245
17243,13.993055555503815
17243,27.99097222229466
17243,12.009722222108394
17243,9.003472222480923
17243,1.0576388887129724
17243,6.1104166666045785
17243,2.731944444589317
17243,5.092361111193895
17243,8.90347222192213
17243,4.13611111138016
17250,257.8125
17252,69.71111111110076
17254,10.942361111287028
17255,258.875
17256,204.94236111128703
17259,220.08749999990687
17262,105.0111111109145
17262,34.09027777798474
17262,0.00138888880610466
17262,174.8736111111939
17265,41.95069444458932
17266,144.1062499997206
17266,0.9875000002793968
17267,0.0020833336748182774
17268,1.8722222223877907
17268,93.13194444449618
17268,42.86111111100763
17272,63.07013888889924
17272,153.10694444458932
17272,4.011805555783212
17277,95.00694444449618
17282,125.9472222221084
17282,43.17291666660458
17284,100.89027777779847
17284,57.94861111138016
17284,11.047222222201526
17284,46.00902777770534
17284,60.109722222201526
17287,5.0145833333954215
17287,115.01180555531755
17287,46.85763888899237
17287,62.22500000009313
17287,68.91250000009313
17287,48.02361111110076
17288,31.99444444477558
17288,31.137499999720603
17288,42.7388888890855
17288,45.17013888899237
17288,194.95624999981374
17288,3.111111111007631
17289,146.94444444449618
17289,1.9791666665114462
17290,12.864583333022892
17293,53.040972222108394
17293,152.01458333339542
17293,36.907638888806105
17293,0.00069444440305233
17293,34.106250000186265
17293,26.906944444403052
17293,27.97499999962747
17293,22.035416666883975
17295,35.93124999990687
17295,0.004166666883975267
17298,23.18194444430992
17299,72.92916666669771
17299,10.958333333022892
17299,77.94375000009313
17302,97.05208333302289
17302,85.89930555550382
17302,90.26597222220153
17302,17.756250000093132
17306,31.08819444477558
17306,25.88958333339542
17306,20.14513888861984
17306,7.977083333302289
17306,13.762500000186265
17306,0.00138888880610466
17306,50.1673611109145
17306,28.786111111287028
17306,0.00069444440305233
17306,0.0
17306,18.26736111100763
17306,14.745138889178634
17306,14.211805555503815
17306,28.794444444123656
17306,28.21597222238779
17306,34.89236111100763
17306,25.99652777798474
17306,0.00277777761220932
17311,238.1354166669771
17312,4.288194444496185
17312,16.65625
17314,0.9513888889923692
17314,54.959027777425945
17314,87.22152777807787
17314,20.870138888712972
17314,90.14444444468245
17314,30.053472221828997
17314,3.727777778171003
17315,17.9263888890855
17315,16.07708333339542
17315,15.072916666511446
17315,4.052777777891606
17315,6.8333333330228925
17315,6.978472222574055
17315,10.034722222015262
17315,8.963888888712972
17315,8.025694444775581
17315,8.056249999906868
17315,1.9152777777053416
17315,14.018055555410683
17315,0.0062500000931322575
17315,6.9520833333954215
17315,12.004166666883975
17315,6.990277777425945
17315,2.2784722223877907
17315,9.8125
17315,9.988194444216788
17315,34.995833333581686
17315,1.1791666666977108
17315,6.748611111193895
17315,12.996527777519077
17315,8.009722222108394
17315,12.019444444682449
17315,7.225000000093132
17315,0.027777777519077063
17315,7.725694444496185
17315,0.22777777770534158
17315,13.740972222294658
17315,11.220138888806105
17315,17.802777777891606
17315,11.257638888899237
17315,7.972222222480923
17315,8.792361110914499
17315,11.985416666604578
17315,16.07986111100763
17317,36.84861111128703
17317,6.341666666325182
17320,131.93819444440305
17320,135.97361111128703
17321,59.08819444430992
17323,77.03055555559695
17323,48.862499999813735
17323,42.00069444440305
17323,63.009722222574055
17323,41.995833333116025
17323,4.219444444403052
17324,34.941666666883975
17324,310.022222221829
17324,3.945138888899237
17329,300.95486111100763
17330,44.895833333488554
17334,6.247222222387791
17337,59.91736111138016
17337,39.21249999990687
17337,59.77916666679084
17338,30.029861111193895
17338,40.058333333116025
17338,55.9562500002794
17338,30.06527777761221
17338,43.8937500002794
17338,47.055555555503815
17338,97.00069444440305
17339,270.94791666651145
17340,12.047916666604578
17340,111.65555555559695
17340,50.07152777770534
17340,41.172222222201526
17340,0.0
17340,30.92916666669771
17340,40.03750000009313
17340,0.00069444440305233
17340,0.0
17340,50.86944444430992
17341,209.98611111100763
17341,0.004861111287027597
17345,0.0020833336748182774
17345,103.06944444403052
17345,78.03680555569008
17346,13.86111111100763
17346,61.04305555531755
17346,60.163194444496185
17346,33.8125
17346,17.11041666660458
17346,8.906944444868714
17346,75.12152777751908
17346,44.87291666679084
17346,8.01736111100763
17346,0.0076388888992369175
17346,12.003472222015262
17346,22.938888889271766
17346,4.029861110728234
17346,8.01666666707024
17348,226.03472222201526
17348,35.95694444468245
17348,7.023611111100763
17348,14.009722222108394
17350,5.834027777891606
17350,37.15277777751908
17350,0.00069444440305233
17351,104.14166666660458
17351,132.96944444440305
17353,25.04305555531755
17357,0.00069444440305233
17358,52.11180555541068
17360,166.82361111138016
17360,0.011111110914498568
17361,105.17152777779847
17361,137.07013888889924
17362,70.178472221829
17364,42.78958333330229
17364,33.14444444468245
17364,38.01736111100763
17364,12.877083333209157
17364,67.00555555569008
17364,108.96458333358169
17364,13.106249999720603
17364,7.962499999906868
17364,6.800694444682449
17364,0.00069444440305233
17365,0.00069444440305233
17365,78.9673611111939
17365,54.020833333488554
17365,29.950694444123656
17365,82.06527777807787
17365,36.99236111110076
17365,38.004166666418314
17368,6.915277777705342
17368,71.17083333339542
17368,83.04166666651145
17368,2.861805555410683
17368,80.12847222248092
17368,60.90069444430992
17368,9.126388888806105
17370,77.1034722221084
17370,8.023611111100763
17370,11.806250000372529
17371,343.92013888899237
17371,0.00347222201526165
17372,2.064583333209157
17372,43.149305555503815
17372,73.82291666697711
17372,60.03958333330229
17372,17.0111111109145
17372,105.98263888899237
17372,19.913888888899237
17373,178.2284722221084
17373,62.89236111100763
17373,31.033333333209157
17374,62.84166666632518
17375,49.031944444868714
17375,112.98819444421679
17376,240.93333333311602
17377,7.921527777798474
17377,8.270833333488554
17377,54.77222222229466
17377,14.165277777705342
17377,13.764583333395422
17377,19.049999999813735
17377,82.0513888890855
17377,47.13263888889924
17377,36.822222222108394
17377,14.956944444216788
17377,14.061111111193895
17377,6.956944444682449
17377,4.0208333330228925
17377,2.048611111007631
17377,8.908333333674818
17377,2.99444444430992
17377,5.021527777891606
17377,5.0520833330228925
17377,1.97430555569008
17381,0.00069444440305233
17381,3.865277777891606
17381,35.09652777761221
17381,24.99375000037253
17381,5.9895833330228925
17381,0.00069444440305233
17381,7.165972222574055
17381,17.84166666632518
17381,0.00138888880610466
17381,26.99375000037253
17381,0.00138888880610466
17381,11.135416666511446
17381,6.94305555569008
17381,14.99722222238779
17381,13.847222222015262
17381,23.99097222229466
17381,0.00069444440305233
17381,28.1048611109145
17381,0.0013888892717659473
17381,23.99722222192213
17381,0.00069444440305233
17381,8.050694444682449
17381,20.100694444496185
17381,32.69097222201526
17381,0.00138888880610466
17381,0.00069444440305233
17381,42.30486111110076
17381,15.840277777984738
17384,199.98680555541068
17386,0.06944444449618459
17386,51.938888888806105
17386,14.057638888712972
17386,0.0006944448687136173
17386,91.90347222192213
17387,13.98263888899237
17388,76.05069444468245
17388,79.95347222220153
17388,53.91458333330229
17389,1.7541666668839753
17389,12.155555555596948
17389,5.096527777612209
17389,17.756944444496185
17389,13.078472222201526
17389,5.035416666883975
17389,31.074999999720603
17389,7.08819444430992
17389,32.88958333339542
17389,0.00069444440305233
17389,1.1354166669771075
17389,4.936111111193895
17389,13.995138888712972
17389,7.854861110914499
17389,7.1354166669771075
17389,6.7354166666045785
17389,7.245138888712972
17389,7.7666666666045785
17389,3.1861111111938953
17389,0.9548611110076308
17389,9.976388888899237
17389,5.914583333302289
17389,7.193750000093132
17389,25.79791666660458
17389,21.149305555503815
17389,35.82708333339542
17389,2.2645833333954215
17389,3.8118055555969477
17389,3.190972222480923
17389,14.922222222201526
17389,11.106944444123656
17389,0.00138888880610466
17389,2.7104166666977108
17391,0.9006944443099201
17392,51.73888888861984
17396,223.02430555550382
17396,0.0
17396,0.00069444440305233
17396,0.0
17396,0.00208333320915699
17396,81.15625
17396,28.00208333367482
17397,0.0069444444961845875
17398,44.984027777798474
17398,95.87986111082137
17400,99.01180555578321
17400,0.9812499997206032
17400,43.01944444468245
17400,83.91944444412366
17402,0.0506944446824491
17402,39.953472222201526
17402,96.04513888852671
17402,49.986805555876344
17402,16.844444444403052
17402,54.106944444123656
17402,10.956250000279397
17402,16.11666666669771
17402,31.800694444216788
17402,3.0881944447755814
17402,20.022222221828997
17402,25.87708333367482
17404,2.893055555410683
17404,41.96249999990687
17404,40.99444444477558
17404,4.147916666697711
17404,58.96597222192213
17404,55.07013888889924
17404,25.064583333209157
17404,3.7881944444961846
17404,4.102083333302289
17404,35.91666666697711
17404,31.02222222229466
17404,2.9624999999068677
17404,27.89722222229466
17404,21.336111111100763
17405,77.84027777798474
17405,71.28125
17406,33.18194444477558
17406,0.0069444444961845875
17409,63.745833333581686
17410,119.0326388888061
17410,37.907638888806105
17410,20.936111111193895
17410,21.140972222201526
17411,185.87777777807787
17411,63.15069444430992
17412,14.054861111100763
17412,54.87222222238779
17412,107.00763888889924
17412,136.897222221829
17412,35.995833333581686
17412,20.96875
17414,141.02083333348855
17416,77.78888888889924
17416,6.287500000093132
17416,21.064583333209157
17416,66.68194444477558
17416,32.038194444496185
17416,48.098611110821366
17418,281.05624999990687
17419,0.00069444440305233
17419,42.78472222248092
17419,29.319444444496185
17419,18.756944444496185
17419,10.104166666511446
17419,16.92847222229466
17419,106.00555555522442
17419,78.87291666679084
17419,25.970138888806105
17419,16.083333333488554
17419,11.120833333581686
17420,202.2159722223878
17420,120.98958333302289
17422,75.83680555550382
17422,40.1062499997206
17422,37.865277777891606
17422,49.202777777798474
17422,76.93541666679084
17423,171.18194444477558
17425,41.16180555569008
17426,106.83055555587634
17426,0.00069444440305233
17426,84.13888888899237
17426,83.09166666632518
17426,0.0027777780778706074
17428,7.0479166666045785
17428,22.10833333339542
17428,6.88611111138016
17428,28.089583333116025
17428,14.902777777984738
17428,11.104861110914499
17428,22.842361111193895
17428,14.0625
17428,0.00069444440305233
17428,29.003472222480923
17428,0.00138888880610466
17428,0.0
17428,34.02222222229466
17428,0.00069444440305233
17428,0.00069444440305233
17428,6.086805555503815
17428,16.10763888899237
17428,29.138194444123656
17428,16.71875
17428,25.1138888890855
17428,20.92013888899237
17428,0.00069444440305233
17428,19.93194444430992
17428,6.126388888806105
17428,15.954166666604578
17428,0.00069444440305233
17428,21.8326388890855
17429,33.15625
17429,56.98888888861984
17430,332.8465277776122
17432,19.00208333367482
17434,34.84166666679084
17434,13.186805555596948
17434,14.02291666669771
17434,7.05138888861984
17434,6.9833333333954215
17434,6.8875000001862645
17436,225.0395833333023
17440,0.0020833336748182774
17440,90.99027777742594
17442,69.9812499997206
17442,56.02847222238779
17442,42.964583333116025
17442,27.995833333581686
17442,56.873611111193895
17444,21.061805555596948
17444,4.063888888806105
17446,133.83472222229466
17447,31.172222222201526
17449,76.27430555596948
17449,48.89236111100763
17449,139.73402777779847
17449,49.36597222229466
17449,0.00069444440305233
17449,42.981944444123656
17450,0.013888888992369175
17450,34.95833333302289
17450,0.004861111287027597
17450,0.023611111100763083
17450,57.06527777761221
17450,15.316666666883975
17450,0.6284722220152617
17450,26.05972222238779
17450,7.029166666790843
17450,26.90625
17450,0.03611111082136631
17450,2.392361111473292
17450,4.617361111100763
17450,16.33472222229466
17450,25.59999999962747
17450,2.304861111100763
17450,13.99166666669771
17450,20.12777777807787
17450,0.017361111007630825
17450,0.015277777798473835
17450,5.615277777891606
17450,13.12777777761221
17450,14.83541666669771
17450,0.011805555317550898
17450,0.0076388888992369175
17450,0.010416666977107525
17450,0.018749999813735485
17450,0.04166666651144624
17450,0.011111111380159855
17450,0.05347222229465842
17450,9.865972222294658
17450,0.00138888880610466
17450,24.26458333339542
17450,6.747916666325182
17450,3.177777777891606
17450,0.021527777891606092
17450,10.714583333116025
17450,0.010416666977107525
17450,7.225694444496185
17450,7.090972221922129
17450,0.004861111287027597
17450,0.0055555556900799274
17450,0.00486111082136631
17450,0.7097222222946584
17450,2.1479166666977108
17451,23.90000000037253
17451,25.16249999962747
17451,0.0
17451,40.91180555569008
17451,0.00138888880610466
17451,14.154861111193895
17453,46.694444444496185
17454,60.10277777770534
17454,65.91458333330229
17454,41.11041666660458
17457,30.765972222201526
17457,56.172222222201526
17457,47.89444444421679
17457,78.09444444440305
17459,16.850694444496185
17460,0.9513888889923692
17460,53.93680555559695
17460,50.100694444496185
17460,42.78194444440305
17460,131.17361111100763
17461,6.916666666511446
17461,0.013888888992369175
17462,223.87152777751908
17463,79.8625000002794
17463,57.11111111100763
17463,126.92152777779847
17463,33.015972222201526
17466,68.16597222257406
17468,4.111805555410683
17469,47.05972222192213
17469,48.93958333320916
17469,36.075000000186265
17469,56.106250000186265
17470,119.19513888889924
17470,30.8326388890855
17470,90.10972222220153
17470,82.97708333330229
17472,11.156944444403052
17472,96.85486111138016
17481,57.27777777798474
17481,20.686805555596948
17481,12.140277777332813
17483,48.91180555569008
17483,68.81736111082137
17489,153.89027777779847
17490,95.12569444440305
17490,7.9833333333954215
17490,9.25
17490,61.82916666660458
17490,1.806250000372529
17490,0.00069444440305233
17491,41.96666666632518
17491,64.93055555550382
17491,76.23125000018626
17491,50.98541666660458
17491,37.86736111110076
17491,21.06527777807787
17491,37.92708333302289
17491,22.0625
17491,13.13055555569008
17495,31.001388888806105
17500,6.186111111193895
17500,6.034027777612209
17501,0.00069444440305233
17502,10.85763888899237
17502,1.007638888899237
17502,7.9916666662320495
17503,35.92083333339542
17504,33.146527777891606
17504,21.011805555783212
17504,50.817361110821366
17504,9.084027777891606
17504,2.0145833333954215
17504,0.00069444440305233
17504,0.00069444440305233
17504,0.00069444440305233
17505,44.15902777761221
17507,47.73611111100763
17509,0.04374999972060323
17509,0.0069444444961845875
17509,0.00069444440305233
17509,0.022916666697710752
17509,0.017361111007630825
17509,2.730555555783212
17509,3.0611111111938953
17511,5.980555555783212
17511,8.084722221828997
17511,21.032638889271766
17511,26.91527777770534
17511,21.188194444403052
17511,21.877083333209157
17511,9.175694444682449
17511,3.953472222201526
17511,13.92083333292976
17511,1.0708333337679505
17511,6.9375
17511,13.913888888899237
17511,0.13263888843357563
17511,13.03402777807787
17511,28.831944444216788
17511,20.140972222201526
17511,14.990277777891606
17511,14.91458333330229
17511,12.936111111193895
17511,21.02569444430992
17511,13.992361111100763
17511,6.015972222201526
17511,7.929166666697711
17511,21.012500000186265
17511,0.00069444440305233
17511,14.032638888806105
17511,0.00138888880610466
17511,13.966666666790843
17511,12.126388888806105
17511,1.8604166666045785
17512,4.861805555410683
17512,6.006944444496185
17512,30.00555555569008
17512,42.061111111193895
17512,18.197222222108394
17512,45.92083333339542
17512,33.052777777891606
17512,70.02152777742594
17512,22.864583333488554
17515,50.03194444440305
17515,61.947222222108394
17515,175.00069444440305
17516,0.00277777761220932
17516,68.02777777798474
17516,98.05902777751908
17516,104.0840277778916
17519,106.94513888889924
17519,54.84375
17519,33.15347222192213
17519,39.9263888890855
17519,116.19027777761221
17521,133.9361111111939
17521,35.90277777798474
17522,11.753472222480923
17522,23.157638888806105
17522,44.92083333339542
17522,137.0013888888061
17523,0.004861111287027597
17523,3.7784722219221294
17523,4.202777777798474
17526,4.9520833333954215
17526,69.9159722221084
17526,286.07986111100763
17527,108.85555555578321
17527,28.95208333339542
17527,27.143055555410683
17528,0.028472221922129393
17528,13.07638888899237
17528,8.743055555503815
17528,6.225000000093132
17528,12.996527777984738
17528,12.817361110821366
17528,16.129166666883975
17530,67.87569444440305
17530,64.02430555550382
17530,6.7999999998137355
17530,0.08263888908550143
17530,20.083333333488554
17530,121.00833333330229
17530,42.1361111109145
17530,26.88611111138016
17530,15.04861111100763
17537,273.88819444412366
17540,291.8895833333954
17545,0.00555555522441864
17545,0.0055555556900799274
17549,27.995833333116025
17550,45.94583333330229
17550,0.00555555522441864
17552,0.00069444440305233
17552,301.0034722224809
17552,10.922916666604578
17554,25.59375
17554,63.1687499997206
17554,42.765972222201526
17554,15.231250000186265
17555,314.99374999990687
17557,37.055555555503815
17557,29.884722222108394
17560,106.24930555559695
17560,48.91180555569008
17560,60.75833333330229
17562,16.91180555569008
17562,35.19305555522442
17562,11.860416666604578
17562,22.101388888899237
17562,36.02291666669771
17562,36.96250000037253
17564,35.97222222201526
17564,20.004861111287028
17566,17.25833333330229
17567,75.80555555550382
17567,14.906944444403052
17567,48.20208333339542
17567,84.15833333320916
17567,56.706249999813735
17567,35.11944444477558
17567,50.12222222192213
17571,20.853472222574055
17571,132.02916666632518
17571,95.1465277778916
17572,134.9715277776122
17572,138.9291666666977
17572,28.309027777519077
17573,8.27291666623205
17573,55.827777777798474
17576,3.9576388890855014
17576,36.03402777761221
17576,0.004861111287027597
17576,30.004861111287028
17576,13.015277777798474
17576,19.98541666660458
17576,20.97152777761221
17576,27.015972222201526
17576,31.04513888899237
17576,32.98333333339542
17576,37.01458333339542
17576,7.090972221922129
17576,6.857638888992369
17576,13.957638889085501
17576,12.06527777761221
17576,21.000694444403052
17576,14.011111110914499
17576,30.02500000037253
17579,41.81805555522442
17579,133.10972222220153
17580,45.944444444496185
17580,59.94027777807787
17581,0.00138888880610466
17581,42.88888888899237
17581,48.92986111110076
17581,0.00138888880610466
17581,0.00069444440305233
17581,67.05347222229466
17581,0.00069444440305233
17581,0.00069444440305233
17581,0.07638888899236917
17581,35.96388888871297
17581,0.0
17581,0.00138888880610466
17581,19.12222222238779
17581,0.00208333320915699
17581,48.76319444458932
17581,0.00069444440305233
17581,31.063194444403052
17581,0.00069444440305233
17581,45.052083333488554
17581,0.00208333320915699
17581,0.0020833336748182774
17581,32.970138888806105
17581,0.00069444440305233
17581,0.00069444440305233
17584,120.125
17585,75.05763888871297
17585,92.87222222238779
17585,61.001388888806105
17588,60.24166666669771
17588,71.88750000018626
17589,53.06805555522442
17589,36.07083333330229
17589,90.99374999990687
17590,23.084027777891606
17590,14.867361111100763
17591,47.84097222238779
17591,21.056249999906868
17591,31.13333333330229
17591,63.870138889178634
17591,80.98541666660458
17591,49.032638888806105
17593,186.1361111109145
17593,21.86319444468245
17593,52.97500000009313
17593,88.02638888871297
17594,169.2513888888061
17595,24.992361111100763
17596,119.9673611111939
17596,57.15347222192213
17596,54.92916666669771
17596,73.01319444458932
17596,17.986805555410683
17596,22.017361111473292
17602,199.98194444458932
17602,38.92708333302289
17602,42.251388888806105
17602,19.825694444589317
17602,20.913194444496185
17604,94.94027777761221
17608,0.004166666883975267
17609,25.063194444403052
17609,228.99513888917863
17609,32.768749999813735
17609,0.009722222108393908
17611,37.061111111193895
17611,3.924305555410683
17611,49.07916666660458
17611,28.94861111138016
17611,41.02291666669771
17611,31.984722222201526
17611,13.986805555410683
17611,31.86666666669771
17611,51.06180555559695
17611,30.095833333209157
17611,5.770138889085501
17611,5.995833333116025
17611,23.185416666790843
17611,0.00069444440305233
17612,83.06527777761221
17612,66.14583333348855
17612,35.80138888861984
17612,17.131250000093132
17612,42.03611111128703
17613,16.961805555969477
17613,26.076388888526708
17613,9.868750000372529
17613,25.177777777425945
17613,32.94236111128703
17613,0.004861111287027597
17613,24.9486111109145
17613,52.052777777891606
17613,36.049999999813735
17613,37.86180555541068
17613,0.0006944448687136173
17613,21.026388888712972
17613,0.0076388888992369175
17615,18.706249999813735
17615,73.23333333339542
17616,112.97708333330229
17616,81.02777777751908
17618,113.8763888888061
17618,242.94652777770534
17621,41.98333333339542
17621,291.1694444445893
17624,203.70347222220153
17625,117.0638888888061
17625,88.9361111111939
17625,33.052083333488554
17629,109.06805555569008
17629,36.036111110821366
17629,42.9250000002794
17629,51.14999999990687
17629,53.842361111193895
17629,48.274305555503815
17629,12.74444444430992
17630,62.913194444496185
17631,95.01041666697711
17631,135.84027777751908
17633,17.010416666511446
17633,31.815972222480923
17633,40.077777777798474
17634,60.01736111100763
17634,42.04027777770534
17634,20.95972222229466
17634,1.808333333581686
17634,90.23888888861984
17634,29.942361111287028
17634,44.947222222108394
17634,11.0625
17637,83.97638888889924
17642,56.84444444440305
17644,57.145833333488554
17644,0.00069444440305233
17644,24.953472222201526
17644,29.193750000093132
17644,0.00069444440305233
17644,28.920138888526708
17644,41.91736111138016
17644,42.08819444430992
17644,0.00069444440305233
17644,34.94513888889924
17646,83.82013888889924
17646,62.13055555569008
17648,57.03611111128703
17648,0.00069444440305233
17648,131.92986111110076
17651,7.770833333488554
17651,13.912500000093132
17651,0.00069444440305233
17651,76.05763888871297
17651,15.272222222294658
17651,13.800694444216788
17651,9.950000000186265
17651,9.091666666790843
17651,19.915972222108394
17652,47.751388888806105
17652,43.16736111138016
17652,7.199305555317551
17652,13.881944444496185
17652,24.999305555596948
17652,60.024305555503815
17652,16.933333333581686
17652,7.006944444030523
17652,17.07361111138016
17652,8.024999999906868
17652,9.88888888899237
17653,20.870138889178634
17653,61.147222221829
17653,1.872916666790843
17655,61.870833333581686
17655,19.825694444123656
17655,74.28194444486871
17655,93.82291666651145
17655,76.09444444440305
17655,29.888194444589317
17656,14.097916666883975
17656,8.012499999720603
17656,18.07638888899237
17656,14.909722222480923
17658,185.8638888890855
17659,14.036111111287028
17659,59.774305555503815
17659,98.93680555559695
17659,14.969444444403052
17659,15.120138889178634
17659,41.05208333302289
17659,19.052777777891606
17659,8.993749999906868
17659,40.915972222108394
17659,35.05347222229466
17659,6.958333333488554
17663,52.859722222201526
17663,36.11597222229466
17663,43.927777777425945
17663,70.07291666697711
17663,46.879861110821366
17663,11.925000000279397
17664,193.8833333333023
17666,61.91666666697711
17667,87.24513888917863
17667,0.00277777761220932
17667,49.76805555541068
17667,95.19791666697711
17668,36.944444444496185
17669,9.918750000186265
17669,29.21875
17669,40.02847222238779
17669,47.984722222201526
17669,36.99652777751908
17669,42.79861111100763
17671,154.15694444440305
17671,53.743055555503815
17671,142.01250000018626
17672,259.0340277776122
17673,53.84305555559695
17673,80.1125000002794
17673,24.018055555410683
17673,95.9076388888061
17673,65.01736111100763
17674,294.13541666651145
17675,2.851388888899237
17675,26.01388888899237
17675,26.979166666511446
17675,10.175000000279397
17675,12.08541666669771
17675,19.728472222108394
17675,14.155555555596948
17675,15.821527777705342
17675,13.25
17675,7.804166666697711
17675,14.104861110914499
17675,16.993055555503815
17675,8.961805555969477
17675,15.89513888861984
17675,12.140277777798474
17675,8.043055555783212
17675,4.948611110914499
17675,8.939583333209157
17675,6.247916666790843
17675,0.00138888880610466
17675,11.843055555596948
17675,9.113888889085501
17675,30.876388888806105
17675,0.00069444440305233
17675,31.04583333339542
17675,2.0270833331160247
17675,15.966666666790843
17675,2.7840277776122093
17675,10.28680555569008
17675,7.1104166666045785
17676,235.89166666660458
17676,4.140972222201526
17676,16.99097222229466
17676,50.998611111193895
17676,54.03819444403052
17677,0.00069444440305233
17677,0.0006944448687136173
17677,2.1416666666045785
17677,48.02638888871297
17677,16.96597222238779
17677,47.16250000009313
17677,0.00069444440305233
17677,14.754166666418314
17677,27.114583333488554
17677,0.00208333320915699
17677,36.98194444458932
17677,0.00138888880610466
17677,0.00069444440305233
17677,33.046527777798474
17677,0.00069444440305233
17677,0.00069444440305233
17677,15.172222222201526
17677,26.893750000279397
17677,0.00069444440305233
17677,14.850694444496185
17677,3.0479166666045785
17677,25.993749999906868
17677,0.00069444440305233
17677,13.118055555503815
17677,0.00069444440305233
17677,7.856944444589317
17677,7.037500000093132
17677,26.876388888806105
17677,0.00069444440305233
17679,32.88055555569008
17682,120.8638888890855
17682,54.93819444440305
17682,49.118055555503815
17682,28.154166666790843
17682,105.02569444430992
17685,11.876388889271766
17685,31.029861110728234
17685,21.10486111138016
17685,41.80416666669771
17685,178.09097222192213
17685,71.96458333358169
17686,102.16180555569008
17686,0.00208333320915699
17686,0.00138888880610466
17686,79.89444444468245
17686,39.99652777751908
17686,73.16666666651145
17690,0.00138888880610466
17690,6.962499999906868
17690,1.8500000000931323
17690,38.03055555559695
17690,62.12013888871297
17690,17.057638889178634
17690,45.947222222108394
17690,13.802777777891606
17690,0.9527777773328125
17690,84.99791666679084
17690,36.16666666697711
17690,19.953472222201526
17690,10.024305555503815
17690,5.092361111193895
17691,10.256944444030523
17692,53.947916666511446
17692,78.85902777779847
17692,99.20972222229466
17695,39.92013888899237
17696,0.00069444440305233
17696,87.13263888889924
17696,91.80416666669771
17696,30.307638888712972
17696,17.00555555569008
17696,29.921527777798474
17696,69.98888888861984
17700,67.85138888889924
17700,118.85694444458932
17700,78.0951388888061
17702,42.80416666669771
17702,54.91458333330229
17702,78.26736111147329
17703,29.06597222201526
17703,74.03194444486871
17704,71.00833333376795
17705,39.89236111147329
17705,46.206249999813735
17705,58.9798611109145
17705,19.100000000093132
17705,30.777083333581686
17705,32.072916666511446
17705,44.174999999813735
17705,26.913194444496185
17706,0.0
17706,0.00138888880610466
17706,76.93472222238779
17706,102.05555555550382
17706,25.059027777519077
17706,0.970138889271766
17706,0.00069444440305233
17706,13.088888888712972
17706,33.993055555503815
17706,5.048611111007631
17706,8.94583333330229
17706,39.96041666669771
17706,0.0020833336748182774
17706,16.04305555531755
17706,0.0
17706,40.00208333320916
17707,151.06458333320916
17708,137.00208333320916
17711,279.0055555552244
17716,18.194444444496185
17716,72.0326388888061
17716,53.828472222201526
17716,29.001388888806105
17716,0.00069444440305233
17716,0.00069444440305233
17716,8.069444444496185
17716,10.930555555503815
17716,46.16458333330229
17716,6.834027777891606
17719,7.952777777798474
17719,13.968055555596948
17719,34.234722222201526
17719,9.024305555503815
17719,10.938888888806105
17719,22.986805555876344
17719,18.939583333209157
17719,8.990972222294658
17719,13.163888888899237
17719,7.013194444589317
17719,1.90625
17719,18.04305555531755
17719,12.874305555596948
17719,37.9263888890855
17720,142.08749999990687
17720,112.1548611111939
17720,86.9388888888061
17722,41.964583333116025
17722,135.0340277776122
17722,93.11319444468245
17723,13.947222222108394
17723,9.121527777519077
17723,18.751388889271766
17723,17.012499999720603
17723,28.32916666660458
17724,58.058333333116025
17724,9.024999999906868
17725,17.680555555503815
17725,23.125694444403052
17725,33.98611111100763
17725,12.909722222015262
17725,33.96041666669771
17725,33.09930555569008
17725,11.834722222294658
17725,29.98541666660458
17725,30.11597222229466
17725,24.16805555531755
17728,20.859722222201526
17728,62.024305555503815
17730,28.875694444403052
17730,22.129861111287028
17730,41.75347222201526
17730,48.00763888889924
17730,22.127083333209157
17730,41.08472222229466
17730,16.12708333367482
17730,27.711805555503815
17730,25.961111111100763
17730,10.086111111100763
17730,13.977777777705342
17730,25.195138888899237
17731,0.00069444440305233
17731,54.97222222248092
17731,49.05763888871297
17733,222.93194444430992
17734,96.96944444440305
17734,83.13402777770534
17735,50.08611111110076
17735,29.92847222229466
17735,34.24166666669771
17735,6.859722222201526
17735,6.899305555503815
17735,11.92361111100763
17735,9.227777778171003
17735,30.941666666418314
17735,0.00069444440305233
17735,21.97430555569008
17735,10.844444444403052
17735,11.236805555410683
17735,15.829166666604578
17735,19.143750000279397
17735,14.86666666669771
17735,28.1986111109145
17735,27.97777777770534
17735,35.07986111147329
17736,70.76874999981374
17736,33.27499999990687
17737,49.02361111110076
17738,133.70555555541068
17738,0.00069444440305233
17738,129.23749999981374
17739,27.04791666660458
17739,136.73611111100763
17739,124.99166666669771
17739,6.065972222480923
17739,27.195138888899237
17739,26.745138888712972
17742,219.22499999962747
17744,28.026388889178634
17744,7.755555555224419
17744,72.1548611111939
17744,224.8465277776122
17744,22.129166666883975
17749,78.08749999990687
17750,17.072916666511446
17750,13.993055555503815
17750,20.115277777891606
17750,13.87777777761221
17750,16.92083333339542
17750,26.030555555596948
17750,19.970138888806105
17750,30.953472222201526
17754,118.08472222229466
17754,76.8638888890855
17754,27.99791666632518
17754,36.94652777770534
17757,3.8500000000931323
17757,4.121527777984738
17757,3.893055555410683
17757,26.013194444589317
17757,18.077777777332813
17757,12.92013888899237
17757,11.886805555783212
17757,10.154166666790843
17757,20.984722222201526
17757,6.064583333209157
17757,10.961111111100763
17757,22.85763888899237
17757,17.16458333330229
17757,11.999305555596948
17757,19.913194444030523
17757,8.058333333581686
17757,11.011111110914499
17757,21.91180555569008
17757,15.981250000186265
17757,26.93194444430992
17757,17.10277777770534
17757,17.124305555596948
17757,20.99097222229466
17757,8.96597222238779
17757,5.043749999720603
17757,1.9791666665114462
17757,2.0437500001862645
17757,9.942361111287028
17757,2.9770833333022892
17758,41.99374999990687
17758,0.012500000186264515
17758,55.98680555541068
17758,73.0
17758,26.915972222108394
17758,33.063888888806105
17758,0.0013888892717659473
17759,0.004166666883975267
17759,152.09791666688398
17760,351.8249999997206
17764,160.78611111128703
17765,46.02499999990687
17765,52.00486111128703
17768,133.01944444468245
17768,24.963888888712972
17769,42.04513888899237
17769,104.97291666641831
17769,34.975694444496185
17769,79.18055555550382
17769,4.84375
17769,20.98541666660458
17769,8.091666666790843
17769,8.859027777798474
17769,4.0479166666045785
17770,6.960416666697711
17770,63.006944444496185
17770,13.970833333674818
17770,0.019444444216787815
17771,266.8958333330229
17772,0.0055555556900799274
17774,55.9875000002794
17774,103.98402777779847
17774,49.01180555531755
17777,60.9375
17777,14.956249999813735
17779,55.961805555503815
17779,66.11874999990687
17781,93.83749999990687
17783,175.25
17786,231.9277777778916
17787,47.94236111128703
17787,18.969444444403052
17787,151.9916666666977
17788,55.9798611109145
17790,0.00347222201526165
17790,2.9909722222946584
17790,0.009027777705341578
17790,3.9874999998137355
17790,55.381944444496185
17790,55.70138888899237
17790,35.92361111100763
17790,12.07986111100763
17790,47.941666666883975
17790,17.01388888899237
17790,13.138194444123656
17790,58.977777778171
17790,34.88055555522442
17795,85.02361111110076
17796,34.95069444458932
17796,21.0625
17796,273.12222222192213
17797,160.0743055557832
17797,0.00347222201526165
17799,39.115277777891606
17799,2.8819444444961846
17799,49.15277777751908
17799,0.0055555556900799274
17799,27.972916666883975
17799,72.89166666660458
17799,5.96319444430992
17799,64.08055555541068
17799,77.02361111110076
17800,61.0111111109145
17800,55.94305555569008
17800,55.92638888861984
17800,1.9756944444961846
17800,42.09583333367482
17800,26.026388888712972
17800,42.00347222201526
17800,11.981250000186265
17802,192.05069444468245
17802,97.99930555559695
17809,2.125
17809,0.00138888880610466
17809,69.85277777770534
17809,56.15972222201526
17809,27.874305555596948
17809,45.07569444458932
17809,43.160416666883975
17809,68.70138888852671
17809,4.273611111100763
17809,39.90833333367482
17809,0.00486111082136631
17811,10.011805555783212
17811,5.959722222294658
17811,7.011805555317551
17811,11.05416666669771
17811,0.9694444444030523
17811,6.052083333488554
17811,1.970833333209157
17811,6.996527777984738
17811,5.1395833333954215
17811,7.912500000093132
17811,6.995833333116025
17811,15.895138889085501
17811,6.115972221828997
17811,22.159722222480923
17811,12.734027777798474
17811,6.992361111100763
17811,12.124305555596948
17811,21.078472222201526
17811,14.948611110914499
17811,9.87777777807787
17811,21.18472222192213
17811,7.942361111287028
17811,19.993749999906868
17811,3.959027777891606
17811,0.14513888861984015
17811,14.739583333488554
17811,5.038888888899237
17811,7.017361111007631
17811,7.020138889085501
17811,8.018749999813735
17811,8.909722222480923
17811,5.109027777798474
17811,7.038194444496185
17811,3.984722222201526
17811,2.9770833333022892
17811,7.065277777612209
17811,3.829861111007631
17811,3.142361111007631
17812,329.93888888927177
17812,23.004861110821366
17812,2.9034722223877907
17813,7.002777777612209
17813,6.935416666790843
17813,19.04027777770534
17813,24.032638888806105
17816,96.00694444403052
17816,203.9972222223878
17816,28.887500000186265
17817,0.008333333302289248
17817,272.87291666679084
17819,8.930555555503815
17819,65.12708333320916
17819,56.87152777798474
17819,45.91388888889924
17819,12.013194444589317
17819,110.99513888871297
17827,0.02986111119389534
17827,0.020833333022892475
17827,122.22569444449618
17827,236.91944444458932
17828,14.021527777891606
17828,61.00069444440305
17828,86.98472222220153
17830,27.061805555596948
17830,260.0305555551313
17835,13.782638888806105
17835,7.021527777891606
17837,8.043750000186265
17837,7.039583333302289
17837,72.80833333311602
17837,10.048611111473292
17837,5.969444444403052
17837,3.117361111100763
17837,13.951388888526708
17838,6.996527777519077
17838,72.91805555578321
17838,203.02916666679084
17838,62.865277777425945
17841,1.995833333581686
17841,3.0111111109144986
17841,3.1083333333954215
17841,4.884027777705342
17841,4.971527778077871
17841,15.952777777798474
17841,5.072916666511446
17841,2.9131944444961846
17841,4.055555555503815
17841,0.00208333320915699
17841,3.03125
17841,3.986805555410683
17841,3.0277777779847383
17841,3.9715277776122093
17841,3.0618055555969477
17841,5.75555555569008
17841,5.229166666511446
17841,3.953472222201526
17841,0.004861111287027597
17841,5.067361111287028
17841,5.959722221828997
17841,2.997916666790843
17841,3.97986111138016
17841,3.019444444216788
17841,0.004861111287027597
17841,4.022222222294658
17841,3.9680555551312864
17841,2.947222222574055
17841,6.913888888899237
17841,3.0694444444961846
17841,5.073611110914499
17841,5.945138888899237
17841,2.853472222108394
17841,4.021527777891606
17841,2.984722222201526
17841,6.070138888899237
17841,5.945138888899237
17841,3.0381944444961846
17841,4.071527777705342
17841,3.0687500000931323
17841,3.0715277777053416
17841,2.8861111109144986
17841,3.9111111112870276
17841,1.2180555555969477
17841,2.8736111111938953
17841,4.022916666697711
17841,5.007638888899237
17841,2.951388888526708
17841,1.1076388889923692
17841,4.015972222201526
17841,3.1430555558763444
17841,4.820833333302289
17841,5.950694444123656
17841,2.949305555783212
17841,0.00416666641831398
17841,4.009027778171003
17841,0.009722222108393908
17841,1.8687499999068677
17841,4.065972222015262
17841,2.105555555783212
17841,2.8034722222946584
17841,3.0972222220152617
17841,2.0229166666977108
17841,4.965972222387791
17841,2.064583333209157
17841,1.9576388890855014
17841,2.113194444216788
17841,2.856944444589317
17841,1.972916666418314
17841,4.068750000093132
17841,1.9493055557832122
17841,3.0618055555969477
17841,2.9402777776122093
17841,1.978472222108394
17841,4.020833333488554
17841,2.013194444589317
17841,3.0499999998137355
17841,4.015277777798474
17841,5.029861111193895
17841,2.8256944441236556
17841,2.232638888992369
17841,2.8520833333022892
17841,3.9888888890855014
17841,2.0361111108213663
17841,2.9916666666977108
17841,2.929861111100763
17841,2.203472222201526
17841,3.988194444682449
17841,0.00138888880610466
17841,2.9326388887129724
17841,0.0020833336748182774
17841,1.8416666663251817
17841,0.004861111287027597
17841,3.1340277777053416
17841,1.9680555555969477
17841,1.1187499999068677
17841,3.977777778171003
17841,1.8951388886198401
17841,4.1083333333954215
17841,2.904166666790843
17841,0.00555555522441864
17841,1.9631944447755814
17841,2.9937499999068677
17841,2.0319444444030523
17841,2.09930555569008
17841,0.00416666641831398
17841,3.9055555555969477
17841,0.9798611113801599
17841,0.00624999962747097
17841,1.9187500001862645
17841,2.144444444216788
17841,2.9006944447755814
17841,0.00069444440305233
17841,1.9659722219221294
17841,2.168055555783212
17841,2.96319444430992
17841,1.2444444447755814
17841,2.6340277777053416
17841,2.277777777519077
17841,2.076388888992369
17841,0.7548611112870276
17841,4.023611111100763
17841,1.9055555555969477
17848,27.673611111473292
17848,20.268749999813735
17848,60.972916666883975
17848,80.0409722221084
17848,20.98541666660458
17848,6.752083333209157
17848,13.16458333330229
17848,47.06597222248092
17849,27.98611111100763
17849,42.02361111110076
17849,45.06458333320916
17850,0.00138888880610466
17850,0.022916666697710752
17850,0.00069444440305233
17850,0.020833333488553762
17850,0.00138888880610466
17850,0.05347222229465842
17850,0.00069444440305233
17850,0.02847222238779068
17850,0.00069444440305233
17850,0.8736111111938953
17850,0.00069444440305233
17850,0.00069444440305233
17850,0.00416666641831398
17850,0.042361111380159855
17850,0.00069444440305233
17850,0.00138888880610466
17850,0.0
17850,0.048611111007630825
17850,0.00069444440305233
17850,0.00069444440305233
17850,0.00138888880610466
17850,0.05902777798473835
17850,0.00069444440305233
17850,0.00069444440305233
17850,0.00069444440305233
17850,0.06805555569007993
17850,0.00069444440305233
17850,0.00069444440305233
17850,0.00069444440305233
17850,0.05347222229465842
17850,0.00069444440305233
17850,0.00069444440305233
17850,0.00069444440305233
17852,0.00347222201526165
17854,41.97777777770534
17856,16.997916666790843
17856,31.066666666418314
17856,231.85208333376795
17857,7.203472222201526
17857,61.96875
17857,29.769444444216788
17857,18.285416666883975
17857,20.95763888861984
17857,0.75
17857,6.054166666697711
17857,13.994444444775581
17857,34.05069444421679
17857,0.00138888880610466
17857,51.88888888899237
17857,11.172916666604578
17857,10.919444444589317
17857,25.877083333209157
17857,27.222916666883975
17857,9.011111110914499
17857,0.00208333320915699
17857,3.894444444682449
17857,2.06805555569008
17857,13.06527777761221
17857,12.90902777761221
17857,0.00138888880610466
17858,10.012500000186265
17858,39.0437499997206
17858,15.922916666604578
17858,36.058333333581686
17858,7.097222222015262
17858,93.03125
17858,48.978472222574055
17858,2.9270833330228925
17858,33.970138888806105
17858,28.93402777798474
17858,47.97430555569008
17861,66.14444444421679
17861,96.92430555541068
17861,0.008333333767950535
17861,20.145833333022892
17861,106.82708333339542
17861,5.010416666511446
17861,21.13888888899237
17863,58.87569444440305
17863,56.05347222229466
17863,109.08958333358169
17863,64.86805555550382
17863,21.129861110821366
17864,186.07986111100763
17864,76.89999999990687
17865,7.044444444589317
17865,61.85208333330229
17865,6.984027777798474
17865,25.904166666790843
17865,23.058333333116025
17865,35.01180555578321
17865,28.20972222229466
17865,14.703472222201526
17865,47.01805555541068
17865,7.109722222201526
17865,0.0062500000931322575
17865,19.07708333339542
17865,0.00069444440305233
17865,2.890972222201526
17865,6.090277777519077
17865,0.00069444440305233
17865,34.842361111193895
17865,0.00138888880610466
17865,14.079861111473292
17867,85.1437500002794
17867,59.865277777425945
17867,0.0027777780778706074
17867,113.06180555559695
17867,0.00277777761220932
17869,122.07916666660458
17869,30.759722222108394
17869,108.10833333339542
17869,0.011111111380159855
17870,231.36736111110076
17870,0.00138888880610466
17870,0.00208333320915699
17870,0.00138888880610466
17870,11.730555555783212
17870,31.997916666790843
17870,19.987499999813735
17870,26.00902777770534
17870,14.021527777891606
17870,17.01180555531755
17870,12.157638889271766
17873,92.02569444477558
17873,40.95138888899237
17873,56.02083333302289
17873,104.07638888899237
17874,30.077777777798474
17874,0.00416666641831398
17874,0.011111111380159855
17874,0.2597222221083939
17874,39.709027777891606
17883,159.76458333339542
17883,72.01736111100763
17883,11.157638888806105
17884,3.1263888888061047
17884,56.82986111100763
17884,308.0173611114733
17886,38.90833333320916
17886,178.99097222229466
17888,39.95069444458932
17888,105.0722222221084
17888,50.950000000186265
17888,82.14305555541068
17888,19.828472222201526
17888,21.13333333330229
17888,16.91458333330229
17889,109.96666666679084
17890,38.83819444430992
17892,98.01666666660458
17892,1.1451388890855014
17894,5.8250000001862645
17894,1.0986111108213663
17894,7.031944444403052
17894,39.981250000186265
17894,27.0625
17894,188.99097222229466
17894,24.782638888806105
17897,6.140972222201526
17897,194.81180555559695
17898,121.9048611111939
17900,0.0069444444961845875
17905,21.126388888806105
17905,195.76666666707024
17905,85.28194444440305
17912,0.19305555522441864
17912,4.023611111100763
17912,1.0187500002793968
17912,48.899305555503815
17913,296.9652777775191
17917,106.18680555559695
17917,210.8631944442168
17920,5.214583333116025
17920,52.97222222248092
17920,78.75625000009313
17920,36.29027777770534
17920,38.797222222201526
17920,20.929861111100763
17920,4.265277777798474
17920,30.862499999813735
17920,26.92847222229466
17920,25.21597222238779
17920,19.888194444123656
17920,6.875694444868714
17920,12.08541666669771
17920,2.8743055551312864
17920,3.243750000372529
17920,3.9111111108213663
17921,104.20694444468245
17921,14.027083333116025
17921,84.0
17924,72.0326388888061
17924,233.9375
17924,28.216666666790843
17924,0.00069444440305233
17924,27.74097222229466
17924,0.00208333320915699
17926,70.21875
17928,200.82569444458932
17929,54.038194444496185
17929,141.84861111128703
17929,101.29444444412366
17930,77.1236111111939
17930,90.72708333330229
17930,7.1395833333954215
17930,28.785416666418314
17931,121.2513888888061
17932,37.861805555876344
17932,144.38194444449618
17934,7.018055555410683
17935,3.079861111007631
17937,1.0090277781710029
17937,62.771527777425945
17937,41.03402777807787
17937,143.07916666660458
17937,83.14930555550382
17937,22.833333333488554
17940,26.029861110728234
17940,27.943750000093132
17940,3.2333333333954215
17940,27.152083333581686
17940,53.86666666623205
17940,0.0006944448687136173
17940,35.853472222108394
17940,20.087499999906868
17940,58.99791666679084
17946,26.101388888899237
17949,33.88055555569008
17949,47.981250000186265
17949,0.00069444440305233
17949,6.964583333116025
17949,9.01388888899237
17949,47.11180555541068
17949,12.0
17949,0.00069444440305233
17949,0.0013888892717659473
17949,7.960416666697711
17949,5.938888888806105
17949,8.180555555503815
17949,2.990277777891606
17949,0.00138888880610466
17949,26.870833333116025
17949,0.011805555783212185
17949,0.00069444440305233
17949,0.013888888992369175
17949,0.06111111072823405
17949,0.1180555559694767
17949,11.877083333209157
17949,9.234722222201526
17949,6.841666666790843
17949,0.008333333302289248
17949,12.956944444216788
17949,7.05694444430992
17949,8.84652777807787
17949,4.973611110821366
17949,1.0486111114732921
17949,0.9229166666045785
17949,0.00069444440305233
17949,5.183333333116025
17949,22.893055555876344
17949,0.00069444440305233
17949,0.00069444440305233
17949,9.969444444403052
17949,4.045138888992369
17949,14.009027777705342
17949,24.841666666790843
17949,10.120833333116025
17949,0.00069444440305233
17949,0.00277777761220932
17949,6.293055555783212
17949,0.00069444440305233
17950,0.0027777780778706074
17950,292.9986111111939
17951,15.010416666511446
17951,318.98263888899237
17954,3.929861111100763
17954,38.08472222229466
17954,33.918750000186265
17954,25.949999999720603
17954,5.060416666790843
17954,37.922222222201526
17954,42.06875000009313
17954,22.020833333488554
17954,39.022222221829
17954,55.08750000037253
17954,62.93263888871297
17955,0.00277777761220932
17955,1.0048611112870276
17955,19.97222222201526
17961,18.63055555569008
17961,0.23749999981373549
17961,24.047222222201526
17961,2.9520833333954215
17961,15.889583333395422
17961,13.878472222015262
17961,13.219444444403052
17961,10.04513888899237
17961,4.8875000001862645
17961,1.1770833330228925
17961,0.8868055557832122
17961,21.070138888899237
17961,12.941666666418314
17961,5.927777777891606
17961,6.990277777891606
17961,9.089583333116025
17961,6.843055555596948
17961,4.077777777798474
17961,3.0874999999068677
17961,12.96041666669771
17961,3.0208333334885538
17961,4.794444444589317
17961,0.2236111108213663
17961,5.831944444682449
17961,14.194444444496185
17961,14.040972222108394
17961,0.004861111287027597
17961,0.8652777774259448
17961,13.126388889271766
17961,3.763888888526708
17961,34.978472222574055
17961,1.2166666663251817
17961,1.712500000372529
17961,3.970833333209157
17961,11.11944444430992
17961,39.177777777891606
17961,10.01388888899237
17961,0.00486111082136631
17964,340.8833333333023
17965,4.09375
17965,33.700694444123656
17965,16.0625
17965,31.98541666707024
17965,30.93541666632518
17965,88.18819444440305
17965,9.92916666669771
17965,13.098611111287028
17965,6.971527777612209
17965,42.81805555569008
17965,0.008333333302289248
17965,31.938888888806105
17965,22.003472222480923
17966,76.72638888889924
17966,33.19097222201526
17966,0.00138888880610466
17966,113.790277778171
17969,194.89305555541068
17974,175.1437500002794
17974,19.84722222201526
17975,5.981944444589317
17975,21.109722222201526
17975,28.96041666669771
17975,38.89861111110076
17975,44.02916666632518
17975,35.06458333367482
17975,33.98333333339542
17975,14.951388888526708
17975,9.056250000372529
17975,19.9375
17975,50.979166666511446
17975,48.123611111193895
17979,0.022916666697710752
17979,90.94236111082137
17979,133.05624999990687
17980,154.94375000009313
17980,38.89722222229466
17988,165.14097222220153
17988,44.00833333330229
17988,0.00069444440305233
17988,0.014583333395421505
17988,104.77638888871297
17988,1.0180555558763444
17990,8.032638888806105
17990,116.94930555578321
17991,0.9715277776122093
17994,17.174999999813735
17994,83.77499999990687
17994,68.07708333339542
17997,7.976388888899237
17997,3.9326388891786337
17997,19.09097222192213
17997,34.930555555503815
17997,5.977777777705342
17997,13.075694444589317
17997,4.963888888712972
17999,329.027083333116
18001,74.19513888889924
18005,43.88263888889924
18008,55.111805555876344
18008,3.13958333292976
18008,17.659722222480923
18008,10.213888888712972
18008,29.061805555596948
18008,0.00069444440305233
18008,129.68194444477558
18008,3.2493055555969477
18013,0.0020833336748182774
18016,48.921527777798474
18016,128.92361111100763
18016,112.02430555550382
18016,41.97152777807787
18017,141.07708333339542
18017,88.0187500002794
18018,91.17708333348855
18024,0.008333333767950535
18030,38.1125000002794
18034,0.009722222108393908
18035,0.0062500000931322575
18035,7.779166666325182
18036,140.06180555559695
18036,73.07291666651145
18037,39.975694444496185
18037,68.95624999981374
18037,17.032638889271766
18037,11.037499999627471
18037,70.88611111138016
18040,226.24513888871297
18041,0.009722222108393908
18041,7.075694444123656
18041,28.086805555969477
18041,11.99722222192213
18041,14.906944444403052
18041,20.874305555596948
18041,8.209027777891606
18041,19.009722222108394
18041,8.82083333330229
18041,8.060416666790843
18041,26.124305555596948
18041,5.970833333209157
18041,30.044444444589317
18041,39.86944444430992
18041,39.98680555541068
18041,25.898611111566424
18041,7.004166666418314
18041,34.05486111110076
18041,13.189583333209157
18041,11.818750000093132
18043,160.00347222248092
18043,182.00555555522442
18044,76.91666666697711
18044,28.009722222108394
18044,6.205555555410683
18044,49.82916666660458
18044,1.1791666666977108
18044,31.905555555596948
18044,78.93124999990687
18044,50.87777777807787
18044,32.229166666511446
18048,0.0027777780778706074
18055,1.9312499999068677
18055,9.12222222238779
18055,46.95138888899237
18055,20.07916666660458
18055,87.90555555559695
18055,75.09583333320916
18055,44.04791666660458
18055,44.91527777770534
18055,32.09930555569008
18059,23.212499999906868
18059,21.092361111193895
18061,43.897222221829
18061,31.90902777807787
18061,44.975694444496185
18061,39.02013888861984
18061,24.26944444468245
18061,30.941666666418314
18061,43.81041666679084
18061,42.04861111100763
18061,44.05624999990687
18062,116.9798611109145
18062,47.217361111193895
18064,102.06319444440305
18065,0.00069444440305233
18065,76.04027777770534
18065,68.91666666651145
18065,0.0013888892717659473
18065,0.00069444440305233
18065,36.02847222192213
18065,0.0
18065,96.96388888917863
18065,0.00069444440305233
18065,0.0
18065,80.95347222220153
18065,0.0
18065,0.00069444440305233
18069,92.02847222238779
18069,54.94652777770534
18069,92.04166666697711
18069,61.99236111110076
18071,108.05972222238779
18073,0.7736111111007631
18073,11.036111110821366
18073,6.884027778171003
18073,1.0104166665114462
18073,12.086111111100763
18073,0.00069444440305233
18073,9.856250000186265
18073,0.00138888880610466
18073,14.012499999720603
18073,13.127083333674818
18073,13.978472222108394
18075,41.98055555531755
18075,14.95138888899237
18075,20.052777777891606
18075,22.07430555531755
18075,57.03194444440305
18075,40.8326388890855
18075,57.25833333330229
18075,46.85000000009313
18075,36.157638888806105
18077,11.040277777705342
18077,36.97152777807787
18077,92.0437499997206
18077,53.0201388890855
18077,53.052083333488554
18077,16.961111111100763
18077,51.947222222108394
18077,8.114583333022892
18077,9.865277777891606
18077,25.11666666669771
18078,41.97500000009313
18079,111.94861111138016
18079,81.18124999990687
18079,0.00416666641831398
18080,223.91111111128703
18081,21.018749999813735
18081,76.17152777779847
18085,43.13125000009313
18087,192.18680555559695
18092,11.072916666977108
18092,2.1902777776122093
18092,21.938194444403052
18092,102.89305555541068
18092,42.984722222201526
18092,0.0055555556900799274
18092,65.02430555550382
18092,32.85694444458932
18092,48.072916666511446
18092,36.09583333367482
18093,4.942361111287028
18093,177.15416666679084
18093,27.04791666660458
18094,53.21875
18094,19.90347222238779
18094,82.12152777751908
18094,0.00069444440305233
18094,54.78125
18094,0.00069444440305233
18095,20.00902777770534
18096,6.069444444030523
18096,45.964583333581686
18097,14.814583333209157
18097,134.14861111110076
18097,78.85763888899237
18097,0.00069444440305233
18097,119.03055555559695
18101,132.02222222229466
18102,0.00069444440305233
18102,0.0
18102,1.8756944444030523
18102,60.07638888899237
18102,0.00208333320915699
18102,23.742361111100763
18102,22.194444444496185
18102,25.875
18102,26.137500000186265
18102,0.877083333209157
18102,0.00069444440305233
18102,0.0
18102,0.00069444440305233
18102,0.00138888880610466
18102,21.211111111100763
18102,2.0361111112870276
18102,4.748611111193895
18102,0.00208333320915699
18102,0.00208333320915699
18102,19.950694444589317
18102,0.0
18102,16.047222222201526
18102,0.0034722224809229374
18102,8.185416666325182
18102,7.9854166666045785
18102,27.843055555596948
18102,13.148611111100763
18102,0.0020833336748182774
18102,0.00277777761220932
18102,0.00069444440305233
18102,0.0
18102,6.800694444682449
18102,0.027777777519077063
18102,0.02986111119389534
18102,0.0076388888992369175
18102,0.04097222210839391
18102,0.022222222294658422
18102,6.100000000093132
18102,0.0
18102,4.780555555596948
18102,0.015972222201526165
18102,0.009027777705341578
18102,0.12291666679084301
18102,0.022222222294658422
18102,0.012499999720603228
18102,0.00138888880610466
18102,1.0222222222946584
18102,16.830555555410683
18102,0.0013888892717659473
18102,0.008333333302289248
18102,13.917361110914499
18102,0.020138889085501432
18102,0.0069444444961845875
18102,0.00624999962747097
18102,0.004166666883975267
18102,24.077777777798474
18102,10.229166666511446
18102,0.012500000186264515
18102,0.7131944443099201
18109,6.992361111566424
18109,24.07083333330229
18109,6.988194444216788
18109,6.0437500001862645
18109,21.959027777425945
18109,43.2687500002794
18109,9.674999999813735
18109,8.995138889178634
18109,37.37430555559695
18109,9.774999999906868
18109,13.902777777519077
18109,7.030555555596948
18109,25.18472222238779
18109,9.877083333209157
18109,11.131944444496185
18109,16.788194444496185
18109,19.067361110821366
18109,18.941666666883975
18109,8.259027777705342
18109,16.839583333581686
18109,16.838888888712972
18109,16.186111111193895
18109,6.995138888712972
18109,0.02847222238779068
18109,5.8125
18112,154.0326388888061
18116,6.046527777798474
18116,7.114583333488554
18116,55.890277777798474
18116,45.03888888889924
18116,14.953472222201526
18116,1.122916666790843
18116,166.78194444440305
18118,5.004861111287028
18118,39.03125
18118,19.958333333022892
18118,3.966666666790843
18118,18.993055555503815
18118,11.997916666790843
18118,10.040277777705342
18118,3.951388888992369
18118,3.978472222108394
18118,9.03680555569008
18118,23.98888888861984
18118,7.083333333488554
18118,5.02569444430992
18118,20.938194444868714
18118,10.988194444216788
18118,6.947222222108394
18118,21.007638888899237
18118,56.06805555569008
18118,13.995833333116025
18118,25.000694444868714
18118,2.967361110728234
18118,5.040277777705342
18118,15.930555555969477
18118,9.01458333292976
18118,9.015972222667187
18121,5.027083333581686
18122,66.03958333330229
18122,30.023611111100763
18122,18.939583333209157
18122,13.11666666669771
18122,13.943750000093132
18123,7.036111111287028
18125,20.947916666977108
18125,93.91944444412366
18125,172.02638888917863
18127,114.11041666660458
18127,0.05555555550381541
18130,28.72708333330229
18130,13.21875
18135,110.00277777761221
18135,42.125
18135,6.779861111193895
18135,2.320138888899237
18136,107.99374999990687
18136,148.1534722223878
18139,0.02847222238779068
18139,0.045833333395421505
18139,0.018749999813735485
18139,0.7062500002793968
18139,0.06041666632518172
18142,58.03333333320916
18143,25.057638889178634
18144,12.970138889271766
18144,41.967361110728234
18144,49.1763888890855
18144,41.922222222201526
18144,0.00069444440305233
18144,14.94583333330229
18144,55.9888888890855
18144,46.845138888806105
18144,31.32430555531755
18144,47.6763888890855
18144,23.14166666660458
18145,107.9361111111939
18145,117.06597222201526
18145,74.96458333358169
18146,79.81458333367482
18147,62.97500000009313
18149,58.00277777761221
18149,164.96944444440305
18150,61.20555555541068
18150,108.04583333339542
18151,155.12916666688398
18154,40.25069444440305
18155,121.05763888871297
18155,95.06458333320916
18156,356.9965277775191
18158,79.3027777778916
18160,143.08958333311602
18161,66.85138888889924
18161,112.21458333311602
18161,75.95416666660458
18161,49.177083333488554
18167,70.09097222238779
18167,12.086805555503815
18168,12.708333333022892
18168,57.09097222238779
18168,35.027083333116025
18168,63.211111111566424
18168,28.013194444123656
18170,105.03541666688398
18170,78.93819444440305
18171,95.07013888889924
18171,75.93263888871297
18171,63.271527777891606
18171,40.69652777770534
18172,0.07847222220152617
18172,36.20208333339542
18172,25.657638888806105
18172,13.213194444775581
18172,3.2083333330228925
18172,0.00069444440305233
18172,62.88611111138016
18172,13.867361111100763
18172,7.117361111100763
18172,28.02291666669771
18172,13.799999999813735
18172,7.19861111138016
18172,0.0
18172,42.79513888852671
18172,0.0
18172,0.00069444440305233
18172,4.939583333674818
18172,0.0
18172,16.03125
18173,40.14166666660458
18173,34.961805555503815
18173,112.87569444440305
18177,22.277083333116025
18177,0.7743055555038154
18177,28.35277777770534
18177,46.663194444496185
18177,126.18125000037253
18178,55.05972222192213
18178,89.83819444477558
18178,90.96875
18179,10.02013888861984
18179,71.91111111128703
18179,2.0263888887129724
18179,199.01597222220153
18179,44.11041666660458
18180,5.99444444430992
18180,48.24166666669771
18180,7.820833333302289
18180,21.05347222229466
18180,54.87569444440305
18183,47.22083333320916
18188,212.92708333348855
18188,62.15833333320916
18189,190.11875000037253
18190,138.17569444468245
18196,195.00625000009313
18198,25.85208333330229
18198,22.212499999906868
18198,20.98263888899237
18198,12.97152777761221
18198,15.151388889178634
18198,5.611111111007631
18198,15.04861111100763
18198,12.020833333488554
18198,3.232638888526708
18198,15.790277778171003
18198,17.990972221828997
18198,12.078472222667187
18198,56.9812499997206
18198,29.03680555569008
18198,40.11944444430992
18198,26.968055555596948
18202,111.94027777761221
18202,0.00138888880610466
18204,82.7388888890855
18204,38.31527777761221
18205,38.055555555503815
18210,215.9381944448687
18210,21.715277777519077
18210,8.068750000093132
18210,11.934027777519077
18210,8.09652777807787
18211,142.01041666651145
18211,50.83541666669771
18211,42.214583333581686
18211,17.773611111100763
18217,41.10694444458932
18218,70.0201388890855
18219,8.100694444496185
18219,64.0749999997206
18219,61.00208333367482
18219,20.913194444030523
18219,46.0187500002794
18219,0.00069444440305233
18219,19.03402777761221
18219,106.18680555559695
18219,40.73680555541068
18221,26.89166666660458
18221,68.9673611111939
18221,51.2923611109145
18221,41.86736111110076
18223,31.80069444468245
18223,3.967361110728234
18223,35.08819444477558
18223,8.882638888899237
18223,25.270833333022892
18223,47.69513888889924
18223,33.16944444458932
18223,0.00208333320915699
18223,29.057638889178634
18223,46.862499999813735
18223,31.13888888899237
18223,25.777083333116025
18223,34.97430555569008
18225,59.94930555578321
18225,40.89861111110076
18225,1.8708333331160247
18225,58.45138888899237
18225,54.81805555569008
18225,36.10277777770534
18225,28.893055555410683
18225,40.918750000186265
18225,20.83819444430992
18225,1.1548611111938953
18225,18.007638888899237
18226,82.07638888899237
18226,12.216666666790843
18226,16.927777777425945
18226,28.04236111138016
18226,12.772222222294658
18226,26.038888888899237
18226,24.1875
18226,14.811111110728234
18226,38.93680555559695
18226,37.18194444477558
18228,22.939583333209157
18229,6.768055555410683
18229,36.99166666669771
18229,34.99513888871297
18229,29.998611111193895
18229,24.904861111193895
18229,21.12847222201526
18229,19.984722222201526
18229,14.181944444775581
18229,12.988194444216788
18229,23.881250000093132
18229,9.043749999720603
18229,27.890277777798474
18229,17.01111111138016
18229,6.984027777798474
18229,16.060416666790843
18229,12.044444444123656
18229,26.058333333581686
18229,13.982638888526708
18229,6.826388888992369
18230,49.93402777751908
18230,45.17847222229466
18230,33.88402777770534
18230,79.01319444458932
18230,65.12152777798474
18230,19.879861110821366
18231,20.10277777770534
18231,27.913888888899237
18231,5.114583333488554
18231,43.084027777425945
18232,4.647916666697711
18232,35.12986111128703
18232,76.02708333311602
18235,97.09791666688398
18235,48.68819444440305
18236,54.18124999990687
18236,30.950694444589317
18236,26.118749999906868
18236,49.728472222108394
18236,49.947222222108394
18237,14.985416666604578
18237,27.99444444430992
18237,26.03958333330229
18237,62.96944444440305
18239,49.90833333320916
18239,9.797222222201526
18239,52.18819444440305
18239,41.890972222201526
18241,41.103472222108394
18241,12.05416666669771
18241,28.875694444403052
18241,7.000694444403052
18241,5.247222222387791
18241,6.765277777798474
18241,1.1701388889923692
18241,6.022916666697711
18241,2.8249999997206032
18241,7.161111111287028
18241,19.756250000093132
18241,5.165277777705342
18241,14.85763888899237
18241,6.255555555224419
18241,3.779166666790843
18241,40.07708333339542
18242,17.126388889271766
18242,123.9187499997206
18242,0.05416666669771075
18245,42.86666666669771
18245,100.92569444421679
18245,0.0027777780778706074
18245,62.18402777751908
18245,0.00069444440305233
18245,142.01319444458932
18246,209.91250000009313
18248,63.87569444440305
18252,121.03888888889924
18257,5.827777777798474
18257,83.96180555550382
18257,37.9375
18257,54.25486111128703
18257,47.004166666418314
18257,0.0013888892717659473
18257,27.995138888712972
18259,281.0409722221084
18259,60.91458333330229
18260,23.84652777761221
18260,64.82777777779847
18260,29.092361111193895
18260,34.88958333339542
18260,33.103472222108394
18261,52.251388888806105
18263,96.9277777778916
18263,129.95555555541068
18265,85.94722222257406
18270,228.05277777742594
18272,21.35833333339542
18272,74.8965277778916
18272,36.85000000009313
18272,67.99027777742594
18272,43.035416666883975
18273,162.00347222201526
18273,93.07569444458932
18282,118.92222222220153
18283,17.030555555596948
18283,35.813888888806105
18283,52.25486111128703
18283,31.788888888899237
18283,22.00555555522442
18283,9.318750000093132
18283,20.73611111100763
18283,0.013888888992369175
18283,52.96875
18283,52.08541666669771
18283,14.014583333395422
18283,0.0055555556900799274
18283,12.930555555503815
18283,6.980555555317551
18283,5.960416666697711
18287,142.98888888861984
18287,15.962500000372529
